,0,1
0,donald trump,1241
1,joe biden,727
2,coronavirus,677
3,barack obama,586
4,mask,297
5,covid19,281
6,democratic party,273
7,republican party,256
8,work from home,252
9,china,200
10,2020,182
11,hillary clinton,165
12,libertarian party,165
13,hiliary clinton,141
14,quarantine,138
15,america,138
16,government,134
17,green party,133
18,democrats,119
19,bernie sanders,101
20,memes,100
21,toilet paper,94
22,people,90
23,president,86
24,republicans,81
25,libertarian,70
26,presidential debate,69
27,wuhan virus,63
28,mike pence,63
29,election,62
30,americans,60
31,cnn,59
32,corona beer,59
33,republican,58
34,michelle obama,57
35,covid,56
36,wuhan coronavirus,55
37,virus,55
38,democrat,53
39,corona,51
40,wuhan,49
41,libertarians,48
42,working from home,47
43,school,46
44,pandemic,45
45,coronavirus memes,44
46,lockdown,43
47,usa,42
48,vote,42
49,debate,42
50,china virus,41
51,dog,41
52,kids,41
53,vladimir putin,40
54,russia,38
55,us,38
56,jill stein,38
57,kamala harris,35
58,meme,35
59,covid19 vaccine,34
60,vaccine,34
61,social distancing,34
62,democrat party,33
63,gary johnson,32
64,plague,31
65,bill clinton,31
66,zoom,31
67,women,31
68,?,30
69,,29
70,alcohol,29
71,liberals,29
72,2016,29
73,chinese,28
74,teachers,27
75,george bush,27
76,wall,25
77,coronavirus vaccine,25
78,ted cruz,25
79,world,24
80,media,24
81,country,24
82,centre of disease control (cdc),24
83,teacher,24
84,nancy pelosi,24
85,florida,24
86,the world,22
87,zoom meeting,22
88,us politics,22
89,dr. anthony fauci,21
90,abraham lincoln,21
91,boss,21
92,mitch mcconnell,21
93,healthcare,21
94,melania trump,20
95,hunter biden,20
96,liberal,20
97,grand old party (gop),20
98,socialism,20
99,white house,19
100,adolf hitler,19
101,centre for disease control (cdc),19
102,chinese virus,18
103,united states,18
104,conservatives,18
105,mexicans,17
106,xi jinping,17
107,students,17
108,hair,17
109,guns,17
110,votes,17
111,face mask,16
112,introverts,16
113,dogs,16
114,parents,16
115,hand sanitizer,16
116,india,16
117,economy,16
118,isis,16
119,make america great again (maga),16
120,mitt romney,16
121,american,16
122,fox news,16
123,politicians,15
124,sanitizer,15
125,stay at home,15
126,family,15
127,gay,15
128,money,15
129,george walker bush,15
130,covid vaccine,14
131,american people,14
132,police,14
133,italy,14
134,nazi,14
135,narendra modi,13
136,covid infected people,13
137,twitter,13
138,god,13
139,children,13
140,canada,13
141,mexican,13
142,taxes,13
143,2019,13
144,office,13
145,immigrants,13
146,libertarian party national convention,13
147,fly,13
148,democracy,13
149,halloween,12
150,kim jong-un,12
151,kim jong un,12
152,people with coronavirus,12
153,doctors,12
154,scientists,12
155,doctor,12
156,france,12
157,chuck norris,12
158,chris wallace,12
159,covid19 memes,12
160,black,12
161,vice presidential debate,12
162,elizabeth warren,11
163,mainstream media,11
164,flu,11
165,weed,11
166,climate change,11
167,schools,11
168,mom,11
169,2018,11
170,third party,11
171,barack obama memes,11
172,nevada,11
173,politician,11
174,gun,11
175,isolation,10
176,voters,10
177,airport,10
178,cat,10
179,masks,10
180,racist,10
181,stay home,10
182,iowa,10
183,orlando,10
184,black people,10
185,mit romney,10
186,democratic national committee (dnc),10
187,democratic national convention (dnc),10
188,party,10
189,indiana,10
190,ku klux klan (kkk),10
191,karens,9
192,conservative,9
193,society,9
194,russian vaccine,9
195,california,9
196,2021,9
197,bat soup,9
198,purell,9
199,mexico,9
200,millenials,9
201,germany,9
202,trump supporters,9
203,john f. kennedy,9
204,socialist,9
205,fbi,9
206,tax,9
207,garry johnson,9
208,politics,9
209,slavery,9
210,voter,9
211,ballots,9
212,war,9
213,george w. bush,9
214,ronald regan,9
215,norton antivirus,8
216,covid 19,8
217,humans,8
218,justin trudeau,8
219,great old party (gop),8
220,home alone,8
221,work at home,8
222,maxine waters,8
223,illegals,8
224,colorado,8
225,drugs,8
226,ice cream,8
227,muslims,8
228,libertarianism,8
229,senate,8
230,syria,8
231,moderator,8
232,constitution,8
233,illegal immigrants,8
234,corruption,8
235,chinese student,7
236,us government,7
237,orange,7
238,nbc news,7
239,h1n1,7
240,valdimir putin,7
241,tom hanks,7
242,student,7
243,world health organization (who),7
244,professor,7
245,australia,7
246,hand wash,7
247,who,7
248,spain,7
249,karen,7
250,iran,7
251,leonardo dicaprio,7
252,coworkers,7
253,quarantine snacks,7
254,christmas,7
255,car,7
256,greta thunberg,7
257,girls,7
258,new york,7
259,earth,7
260,uk,7
261,face,7
262,cocaine,7
263,trump mask,7
264,work from home (wfh),7
265,liberty,7
266,internet,7
267,job,7
268,quarantined,7
269,jobs,7
270,michigan,7
271,slaves,7
272,political memes,7
273,msnbc,7
274,presidential debates,7
275,ballot,7
276,libertarian candidates,7
277,abc news,7
278,kkk,7
279,jo jorgensen,7
280,ohio,7
281,democratic debate,7
282,swine flu,6
283,spanish flu,6
284,reddit,6
285,extroverts,6
286,africa,6
287,news,6
288,aliens,6
289,kid,6
290,ebola,6
291,bars,6
292,queen elizabeth,6
293,instagram,6
294,apocalypse,6
295,stock market,6
296,batman,6
297,bat,6
298,pornhub,6
299,friends,6
300,titanic,6
301,governments,6
302,riots,6
303,wife,6
304,pope,6
305,netflix,6
306,pants,6
307,north korea,6
308,flu infected people,6
309,college,6
310,men,6
311,minorities,6
312,communism,6
313,george soros,6
314,corporations,6
315,presidential candidate,6
316,pot,6
317,loan,6
318,congress,6
319,ron paul,6
320,education,6
321,birth certificate,6
322,canadian,6
323,muslim,6
324,sarah palin,6
325,prison,6
326,jews,6
327,jeb bush,6
328,ronald reagan,6
329,wisconsin,6
330,presidential election,6
331,alabama,6
332,ukraine,6
333,hantavirus,5
334,us population,5
335,communist,5
336,baby,5
337,queen,5
338,boris johnson,5
339,donald tump,5
340,facebook,5
341,woman,5
342,golf,5
343,lysol,5
344,mexican flag,5
345,cdc,5
346,marty,5
347,employee,5
348,uber drivers,5
349,minnesota,5
350,cough,5
351,game of thrones,5
352,cancer,5
353,pizza,5
354,pub,5
355,water,5
356,hospital,5
357,bank,5
358,sports,5
359,denmark,5
360,homeschool,5
361,osama bin laden,5
362,email,5
363,antivaxxers,5
364,anti-vaxxer,5
365,planet,5
366,plane,5
367,jason momoa,5
368,gop,5
369,jill biden,5
370,home school,5
371,tv,5
372,archaelogists,5
373,jimmy carter,5
374,high temperatures,5
375,dad,5
376,online classes,5
377,cats,5
378,poor,5
379,russian,5
380,wifi,5
381,plants,5
382,paul ryan,5
383,desk,5
384,elsa,5
385,1970,5
386,rapists,5
387,medal of freedom,5
388,law,5
389,the pope,5
390,leonardo di caprio,5
391,gays,5
392,cages,5
393,mario party,5
394,convention,5
395,communists,5
396,laser pointer,5
397,economics,5
398,illinois,5
399,islam,5
400,political party,5
401,crime,5
402,american politics,5
403,green,5
404,ben carson,5
405,pedophile,5
406,poor people,5
407,capitalism,5
408,democratic presidential debate,5
409,abrahm lincoln,5
410,pizza party,5
411,bill weld,5
412,jesus,5
413,chuck schumer,5
414,vice president,5
415,blacks,5
416,hong kong,4
417,chinese new year,4
418,hanta virus,4
419,gloves,4
420,chinese coronavirus,4
421,kung flu,4
422,area 51,4
423,pumpkin,4
424,pifzer,4
425,h1n1 flu,4
426,government officials,4
427,thanos,4
428,lone ranger,4
429,soap,4
430,bandana,4
431,chinese dude,4
432,apocalypse outfit,4
433,lifeguards,4
434,left,4
435,jumanji,4
436,europe,4
437,earthquake,4
438,coronavirus mask,4
439,viruses,4
440,fans,4
441,sars,4
442,pajamas,4
443,toast,4
444,robert downey jr.,4
445,rest of the world,4
446,corona testing,4
447,experts,4
448,meetings,4
449,science,4
450,grocery store,4
451,clown,4
452,amazon,4
453,food,4
454,chinese kid,4
455,home,4
456,adults,4
457,normal sick people,4
458,disinfectants,4
459,sheldon,4
460,time traveller,4
461,time traveler,4
462,andrew cuomo,4
463,covid20,4
464,toiletries,4
465,therapists,4
466,boys,4
467,work,4
468,social media,4
469,doanld trump,4
470,carole baskin,4
471,parent,4
472,graduation,4
473,video call,4
474,archaeologists,4
475,pilots,4
476,mass shootings,4
477,video conference,4
478,conference call,4
479,wars,4
480,people with the flu,4
481,homeschooling,4
482,1945,4
483,marriage,4
484,ipods,4
485,corporate,4
486,church,4
487,horse,4
488,coronavirus meme,4
489,friend,4
490,oval office,4
491,jim carter,4
492,bill cosby,4
493,socialists,4
494,corn,4
495,prime minister,4
496,potus,4
497,green party voters,4
498,bedroom,4
499,drone,4
500,obamacare,4
501,paint,4
502,donald trump's father,4
503,condom,4
504,chocolate,4
505,pope francis,4
506,door,4
507,ozzy osbourne,4
508,alexandria ocasio-cortez,4
509,refugees,4
510,joe biden memes,4
511,healthcare plan,4
512,taxation,4
513,grindr,4
514,oil,4
515,black lives matter (blm),4
516,hispanic,4
517,presidential debate memes,4
518,pedophiles,4
519,state,4
520,israel,4
521,michael cohen,4
522,nbc,4
523,arizona,4
524,presidency,4
525,billionaires,4
526,republian party,4
527,c-span2,4
528,grand old party (gop) debate,4
529,islamic state of iraq and syria (isis),4
530,white,4
531,milton friedman,4
532,health insurance,4
533,marijuana,4
534,second amendment,4
535,libertarian party of indiana,4
536,washington dc,4
537,uk government,3
538,made in china,3
539,tiktok,3
540,reporter,3
541,workers,3
542,pfizer,3
543,media house,3
544,chinese communist party,3
545,cattle,3
546,coronavirus patients,3
547,covid19 patients,3
548,right wing,3
549,hydroxychloroquine,3
550,qanon,3
551,covidiots,3
552,kitten,3
553,t-shirt,3
554,anthony fauci,3
555,virologist,3
556,chinese woman,3
557,aids,3
558,american citizens,3
559,citizens,3
560,other countries,3
561,texas,3
562,virologists,3
563,press,3
564,oxygen,3
565,winchester,3
566,tedros adhanom ghebreyesus,3
567,mother nature,3
568,humanity,3
569,uber,3
570,youtube,3
571,homeschooled,3
572,chinavirus,3
573,japan,3
574,emails,3
575,chinese boy,3
576,human,3
577,world health organisation,3
578,australians,3
579,h1n1 virus,3
580,states,3
581,bill gates,3
582,beijing,3
583,journalists,3
584,virat kohli,3
585,zika,3
586,public,3
587,vicks vaporub,3
588,vicks,3
589,immigration,3
590,house,3
591,shutdown,3
592,fence,3
593,military doctors,3
594,ibuprofen,3
595,chlamydia,3
596,ipl,3
597,indian premiere league,3
598,main stream media,3
599,people born in march/ april,3
600,moderna,3
601,bats,3
602,exam,3
603,supermarket,3
604,mum,3
605,adam,3
606,eve,3
607,traffic,3
608,online class,3
609,pet,3
610,united states of america,3
611,hand soap,3
612,thakur,3
613,waiter,3
614,grocery shop,3
615,class,3
616,saudi,3
617,boomers,3
618,jason mamoa,3
619,the cure,3
620,normal people,3
621,other preventive measures,3
622,coornavirus,3
623,mayor,3
624,libtard,3
625,tissue paper,3
626,zombies,3
627,new zealand,3
628,travel blogger,3
629,exams,3
630,gamers,3
631,coworker,3
632,professors,3
633,bar,3
634,wuhan lab,3
635,flight,3
636,assignments,3
637,introvert,3
638,las vegas,3
639,grandpa,3
640,bigfoot,3
641,online meeting,3
642,work from office,3
643,railroad workers,3
644,maga,3
645,astronauts,3
646,staff,3
647,manager,3
648,zookeepers,3
649,work for home,3
650,cops,3
651,tinder,3
652,plague inc,3
653,us president,3
654,rapist,3
655,journalism,3
656,work from home memes,3
657,travel bloggers,3
658,train,3
659,saudi arabia,3
660,home schooling,3
661,brain,3
662,health officials,3
663,2020-04-01 00:00:00,3
664,coronavirus pandemic,3
665,seal,3
666,airport fashion,3
667,fashion,3
668,washing hands,3
669,indian,3
670,covid 20,3
671,chicken,3
672,logo,3
673,phone,3
674,birds,3
675,hands,3
676,cdc (centre for disease control),3
677,pollution,3
678,neighbor,3
679,bread,3
680,shrek super party,3
681,caucus,3
682,iowa democratic party,3
683,ray rice,3
684,al sharpton,3
685,prayer rug,3
686,kenyan passport,3
687,etch a sketch,3
688,jail,3
689,libertarian party of colorado,3
690,presidency of the united states,3
691,joseph robinette biden jr.,3
692,white cops,3
693,us politicians,3
694,milk,3
695,cows,3
696,political parties,3
697,dementia,3
698,libertarian party voters,3
699,republican voters,3
700,cocktail,3
701,foreign policy,3
702,laptop,3
703,new democratic party (ndp),3
704,ndp,3
705,asylum seekers,3
706,refugee,3
707,ginger rowdy,3
708,dems,3
709,sex offenders,3
710,soviet russia,3
711,soviet union,3
712,constitution party,3
713,federal government,3
714,court,3
715,duck,3
716,north carolina,3
717,gay marriage,3
718,business,3
719,knuckle sandwich,3
720,dnc convention,3
721,chucky the doll,3
722,vice president debate,3
723,arvin vohra,3
724,pen,3
725,spray tan,3
726,jared kushner,3
727,megyn kelly,3
728,samuel l. jackson,3
729,civil war,3
730,caterpillar,3
731,grape,3
732,federal judge,3
733,2008,3
734,parties,3
735,radical islam,3
736,terrorists,3
737,benghazi,3
738,elections,3
739,crush,3
740,confederate flag,3
741,commie,3
742,vladirmir putin,3
743,presidential debate moderator,3
744,green party voter,3
745,oligarchy,3
746,environment,3
747,illegal,3
748,rich people,3
749,shrek,3
750,political meme,3
751,federal reserve,3
752,lgbt,3
753,administration,3
754,amy coney barrett,3
755,candidate,3
756,cocktail party,3
757,libertarians party,3
758,2020 election,3
759,right,3
760,swamp,3
761,rand paul,3
762,mascot,3
763,social security,3
764,sean hannity,3
765,gop debate,3
766,big corporations,3
767,carly fiorina,3
768,libertarian ideas,3
769,chris christie,3
770,2010,3
771,lgbtq,3
772,adam schiff,3
773,doorknobs,3
774,republican candidate,3
775,ruth bader ginsburg,3
776,dinesh d'souza,3
777,ben shapiro,3
778,supreme court,3
779,debates,3
780,poverty,3
781,republican party platform,3
782,republican platform,3
783,donkey,3
784,babies,3
785,richard nixon,3
786,presidential debate 2020,3
787,ilhan omar,3
788,european,3
789,jeb,3
790,road,3
791,donald turmp,3
792,bomb,3
793,hookers,3
794,capitalist,3
795,mueller,3
796,russians,3
797,rosen centre hotel,3
798,statue of liberty,3
799,libertarian party of illinois,3
800,minimum wage,3
801,maxine walters,3
802,free market,3
803,georgia,3
804,stephen king,3
805,washington,3
806,thais,2
807,bubonic plague,2
808,experimental vaccine,2
809,homeless people,2
810,cat meme,2
811,james wood,2
812,unemployement,2
813,chef,2
814,right-wing,2
815,british,2
816,covid-19,2
817,rodents,2
818,russian scientists,2
819,people with normal flu,2
820,hydrochloroquine,2
821,russia vaccine,2
822,research,2
823,toilet papers,2
824,syphilis,2
825,trump virus,2
826,indian cook,2
827,handwash,2
828,donald trump supporter,2
829,jeffrey epstein,2
830,travellers,2
831,among us,2
832,united nations,2
833,chinese people,2
834,disease,2
835,chinese government,2
836,herald newspaper,2
837,american government,2
838,us citizens,2
839,campaign rallies,2
840,public health experts,2
841,picture,2
842,the daily show,2
843,pete buttigieg,2
844,parenting,2
845,bbc news,2
846,flu vaccine,2
847,u.s. immigration and customs enforcement's (ice),2
848,ice truck,2
849,tmz,2
850,malaria,2
851,kobe bryant,2
852,the guardian,2
853,nature,2
854,books,2
855,ventilator,2
856,surgical mask,2
857,everyone,2
858,asian,2
859,class of 2020,2
860,ww3,2
861,world war 3,2
862,bear grylls,2
863,libtards,2
864,dr. anthoy fauci,2
865,cybersecurity people,2
866,cybersecurity,2
867,companies,2
868,maga hats,2
869,chinese wuhan virus,2
870,chinese buffet,2
871,donald trump administration,2
872,chinese exchange students,2
873,microsoft teams,2
874,the apocalypse,2
875,beijing biden,2
876,k.l. rahul,2
877,travel plans,2
878,mers,2
879,avian,2
880,avian flu,2
881,election year,2
882,swine,2
883,kelis,2
884,royal challengers bangalore (rcb),2
885,dinosaur,2
886,beach,2
887,canadians,2
888,universal studios,2
889,betty,2
890,greenland,2
891,vicksvaporub,2
892,prince charles,2
893,kindergarten,2
894,ibruprofen,2
895,cake,2
896,diy mask,2
897,eggs,2
898,beer,2
899,korea,2
900,guy eating a bat,2
901,travelling people,2
902,santa claus,2
903,essay,2
904,family of 6 members,2
905,austria,2
906,outfit,2
907,chancellor jones,2
908,tim killeen,2
909,jones,2
910,keanu reeves,2
911,hairdressers,2
912,spouse,2
913,arvind kejriwal,2
914,google,2
915,stomach,2
916,restaurants,2
917,corona memes,2
918,indonesian,2
919,genx,2
920,trumpsters,2
921,groceries,2
922,native americans,2
923,foreigners,2
924,people born in march/april,2
925,common core math,2
926,contact avoidance,2
927,abs,2
928,cookies,2
929,quentin tarantino,2
930,tara reade,2
931,uganda,2
932,simpsons,2
933,the simpsons,2
934,the simpson's,2
935,halloween costume,2
936,ticket,2
937,airlines,2
938,health authorities,2
939,haircut,2
940,casino,2
941,plans,2
942,kentucky,2
943,joey,2
944,finland,2
945,belgium,2
946,iceland,2
947,charmin,2
948,commerical,2
949,cities,2
950,quarantine snack,2
951,cruise,2
952,societies,2
953,millennials,2
954,new yorkers,2
955,national emergency,2
956,bottoms,2
957,turkmenistan,2
958,nhs,2
959,webcam,2
960,human resources,2
961,covid scan,2
962,people who invented the covid19 vaccine,2
963,mink,2
964,pharmacist,2
965,jewish,2
966,profs,2
967,migraine patients,2
968,antivaxxer,2
969,child,2
970,asians,2
971,governor,2
972,1820,2
973,1920,2
974,impeachment,2
975,canvas,2
976,eminem,2
977,american lives,2
978,ivanka trump,2
979,people with normal fever,2
980,monica,2
981,covid marshalls,2
982,clorox,2
983,joe exotic,2
984,goa,2
985,darth vader,2
986,disinfectant,2
987,google classroom,2
988,trump supporter,2
989,prom,2
990,1944,2
991,ear pods,2
992,jennifer aniston,2
993,anti vaxxer,2
994,patriot,2
995,gas mask,2
996,facemask,2
997,farmers,2
998,drivers,2
999,miners,2
1000,donald trump mask,2
1001,construction workers,2
1002,work form home,2
1003,government employees,2
1004,works from home,2
1005,chemistry teachers,2
1006,marine biologists,2
1007,heroin,2
1008,working at home,2
1009,wuhan virus memes,2
1010,chinese communist party (ccp),2
1011,allah,2
1012,chinese restaurant,2
1013,freedom,2
1014,truck drivers,2
1015,mass shooting,2
1016,lyme disease,2
1017,spanish,2
1018,bacteria,2
1019,guy eating bat soup in china,2
1020,grandchildren,2
1021,countries,2
1022,divorce lawyers,2
1023,nurse,2
1024,ship,2
1025,island,2
1026,plagues,2
1027,bus,2
1028,the wall,2
1029,kardashians,2
1030,tiger king,2
1031,corona safe beer,2
1032,russian nurse,2
1033,delhi,2
1034,sanitizer companies,2
1035,russian corona vaccines,2
1036,coronavirus vaccines,2
1037,vaccines,2
1038,murder hornets,2
1039,bank account,2
1040,preventive measures,2
1041,costco,2
1042,holocaust,2
1043,skype,2
1044,pre covid,2
1045,april,2
1046,billionaire,2
1047,carol baskin,2
1048,members,2
1049,social distance,2
1050,immune system,2
1051,credit cards,2
1052,library,2
1053,full moon,2
1054,daylight savings time,2
1055,friday the 13th,2
1056,vicodin,2
1057,wizard,2
1058,weddings,2
1059,simran,2
1060,people with flu,2
1061,airport fashion 2019 vs 2020,2
1062,online school,2
1063,2020 graduation,2
1064,italians,2
1065,pda,2
1066,quarante,2
1067,hairdresser,2
1068,indians,2
1069,hobbies,2
1070,girl,2
1071,english,2
1072,homework,2
1073,labour,2
1074,angela merkel,2
1075,brexit,2
1076,janta curfew,2
1077,janata curfew,2
1078,son,2
1079,john,2
1080,racism,2
1081,horror movie,2
1082,world health organisation (who),2
1083,pastor,2
1084,us flag,2
1085,stage,2
1086,chipotle,2
1087,elevator rides,2
1088,flint michigan,2
1089,tap water,2
1090,donlad trump,2
1091,electrolytes,2
1092,gatorade,2
1093,jesse jackson,2
1094,birth control,2
1095,jagerbombs,2
1096,krusty krab,2
1097,democratic-republican party,2
1098,air,2
1099,and land (seals),2
1100,united states navy sea,2
1101,and land (seal),2
1102,bin laden,2
1103,tomi lahren,2
1104,house keeper,2
1105,nun,2
1106,homicide,2
1107,san jose,2
1108,bbc,2
1109,liberalism,2
1110,foreign countries,2
1111,joe biden-barack obama memes,2
1112,gameboy,2
1113,democrats 1961,2
1114,democrats 2018,2
1115,1961,2
1116,gay rights,2
1117,cone,2
1118,federal bureau of investigation (fbi),2
1119,democrat voters,2
1120,libertarian voters,2
1121,resident,2
1122,meat,2
1123,livestock industries,2
1124,greenhouse,2
1125,livestock,2
1126,c,2
1127,commies,2
1128,make america great again (maga) fools,2
1129,steve schimdt,2
1130,californians,2
1131,socialist movement,2
1132,toupee,2
1133,shopkeepers,2
1134,new democratic party,2
1135,australian government,2
1136,indigenous people,2
1137,asylum,2
1138,sheriff,2
1139,the imperial march,2
1140,imperial march,2
1141,campaign slogan,2
1142,african american,2
1143,dnc (democratic national committee),2
1144,justice party,2
1145,green part,2
1146,virgil goode,2
1147,consituition party,2
1148,rocky anderson,2
1149,grave,2
1150,covid pandemic,2
1151,united states courts,2
1152,united states court,2
1153,toasters,2
1154,goats,2
1155,mushrooms,2
1156,nerf guns,2
1157,celebrity,2
1158,mr. beast,2
1159,mr beast,2
1160,physics,2
1161,activists,2
1162,ocasio cortez,2
1163,vice presidential debate meme,2
1164,university,2
1165,ultra-conservative republicans,2
1166,analyst,2
1167,western democracies,2
1168,usa elections,2
1169,intelligence community,2
1170,uno,2
1171,xbox,2
1172,chicago,2
1173,penny,2
1174,national convention,2
1175,rioters,2
1176,clinton,2
1177,captain america civil war,2
1178,justice,2
1179,2000,2
1180,ben fernandez,2
1181,blinders,2
1182,george conway,2
1183,lawn,2
1184,vampire,2
1185,white nationalist party,2
1186,republican house,2
1187,bloomberg politics,2
1188,vp debate,2
1189,tim kaine,2
1190,1963,2
1191,1981,2
1192,1975,2
1193,bottles,2
1194,history teachers,2
1195,conventions,2
1196,burlington,2
1197,daughter,2
1198,paycheck,2
1199,the rock,2
1200,cellphone,2
1201,wig,2
1202,jim halpert,2
1203,sheev palpatine,2
1204,democrat community organiser,2
1205,democrat community organizer,2
1206,meeting,2
1207,campaign,2
1208,seats,2
1209,oprah winfrey,2
1210,winfrey,2
1211,tri-wizard tournament,2
1212,lucifer,2
1213,cigarettes,2
1214,crayons,2
1215,usmca,2
1216,burritos,2
1217,sombreros,2
1218,snowman,2
1219,evil,2
1220,illegal aliens,2
1221,justice gorsuch,2
1222,unemployment,2
1223,medal,2
1224,killers,2
1225,pottawatomie county republican party,2
1226,anti american commie democrat,2
1227,murray rothbard,2
1228,juul charger,2
1229,us politician,2
1230,leftists,2
1231,leftist,2
1232,republican voter,2
1233,australian labor party,2
1234,george washington,2
1235,heathcare,2
1236,toilet,2
1237,credit card,2
1238,deplorable,2
1239,mario,2
1240,ben garson,2
1241,sith lord,2
1242,roads,2
1243,pennsylvania,2
1244,editorial cartoon,2
1245,editorial cartoons,2
1246,taxpayers,2
1247,progressives,2
1248,white supremacists,2
1249,jim carrey,2
1250,rally,2
1251,wall street,2
1252,beach party,2
1253,sheep,2
1254,libertarian party of florida,2
1255,beto o'rourke,2
1256,2012,2
1257,debbie wasserman schultz,2
1258,military,2
1259,circus,2
1260,cheetos,2
1261,espn,2
1262,dominion,2
1263,brett kavanaugh,2
1264,yale,2
1265,beto o' rourke,2
1266,virginia,2
1267,harvard,2
1268,lawyer,2
1269,princeton,2
1270,cup,2
1271,legos,2
1272,lego,2
1273,alaska,2
1274,authoritarian,2
1275,thomas sowell,2
1276,policies,2
1277,animals,2
1278,tyt,2
1279,small businesses,2
1280,donad trump,2
1281,preshredded cheese,2
1282,wallmart,2
1283,grinch,2
1284,city,2
1285,aligator,2
1286,nyc,2
1287,billionnaires,2
1288,steel chair,2
1289,white guys,2
1290,john mccain,2
1291,religion,2
1292,clothes,2
1293,george h. w. bush,2
1294,trudeau,2
1295,the republican party,2
1296,george floyd,2
1297,rock,2
1298,supreme court justice,2
1299,natalie,2
1300,finnegan,2
1301,two party system,2
1302,nazi party,2
1303,ford,2
1304,underwear,2
1305,marxist,2
1306,brown,2
1307,gun laws,2
1308,senators,2
1309,thomas paine,2
1310,tom steyer,2
1311,hammer,2
1312,the people,2
1313,greens,2
1314,universe,2
1315,post office,2
1316,barack obama meme,2
1317,rabbit,2
1318,vietnam,2
1319,wikileaks,2
1320,alexandria ocasio cortez,2
1321,johnson weld,2
1322,donald trump junior,2
1323,joe biden supporters,2
1324,nuclear war,2
1325,loans,2
1326,fascists,2
1327,barron trump,2
1328,camps,2
1329,atheist,2
1330,burger,2
1331,stores,2
1332,donald trump supporters,2
1333,st. patrick's day,2
1334,caroline lucas,2
1335,rahul gandhi,2
1336,poor kids,2
1337,white kids,2
1338,mail,2
1339,black americans,2
1340,justin beiber,2
1341,justin bieber,2
1342,club,2
1343,stacey abrams,2
1344,reagan,2
1345,chickens,2
1346,cow,2
1347,rabbits,2
1348,george w bush,2
1349,libertarian ideals,2
1350,debt,2
1351,nazis,2
1352,elvive,2
1353,chris rock,2
1354,bipartisan,2
1355,middle class,2
1356,stephen harper,2
1357,minors,2
1358,immigrant,2
1359,abortion,2
1360,twins,2
1361,election results,2
1362,rights,2
1363,republic,2
1364,jonathan jackson,2
1365,john adams,2
1366,francis pope,2
1367,chaz,2
1368,scotus,2
1369,first amendment,2
1370,democratic,2
1371,vice president (vp),2
1372,santa,2
1373,the republlican party,2
1374,gangsta party,2
1375,john robinson,2
1376,national anthem,2
1377,stockholm syndrome,2
1378,trump campaign,2
1379,mars,2
1380,1860,2
1381,msnbc news,2
1382,joker,2
1383,2017,2
1384,bad hombres,2
1385,juan,2
1386,montana,2
1387,abc,2
1388,michael bloomberg,2
1389,gas,2
1390,electoral college,2
1391,fox and friends,2
1392,white people,2
1393,libya,2
1394,venezuela,2
1395,iraq,2
1396,ann coulter,2
1397,soda,2
1398,bigots,2
1399,warren,2
1400,fascism,2
1401,candidates,2
1402,evangelicals,2
1403,logic,2
1404,illegal immigration,2
1405,rick perry,2
1406,hippies,2
1407,latino,2
1408,valerie biden,2
1409,people of color,2
1410,great old party (gop) debate,2
1411,black president,2
1412,borders,2
1413,american history,2
1414,trump voter,2
1415,white supermacist,2
1416,thom tillis,2
1417,cal cunningham,2
1418,victoria secret store,1
1419,victoria secrets,1
1420,dr grayfang,1
1421,corona swine flu,1
1422,great wall of china,1
1423,jared leto,1
1424,coughing chinese student,1
1425,chinese students,1
1426,internet explorer,1
1427,breaking news,1
1428,new virus in china,1
1429,bikers,1
1430,trip to china,1
1431,chelsea clinton,1
1432,lars printzen,1
1433,covid facts,1
1434,funny mask,1
1435,norwegian poker translator,1
1436,new swine flu like virus,1
1437,hilary clinton,1
1438,cholera outbreak,1
1439,cholera,1
1440,dna,1
1441,charlie kirk,1
1442,covid 19 vaccine,1
1443,media houses,1
1444,kim-jong un,1
1445,online gamers,1
1446,firewall,1
1447,spanish people,1
1448,hong kong protestors,1
1449,quaratine food,1
1450,china wuhan coronavirus,1
1451,zombie bite,1
1452,james woods,1
1453,human rights,1
1454,pubg,1
1455,indian parents,1
1456,the queen,1
1457,microchip,1
1458,harvey weinstein,1
1459,corona extra,1
1460,andy burnham,1
1461,tofu,1
1462,norton antivirus mask,1
1463,norton antivirus antivirus,1
1464,new disease,1
1465,rekha,1
1466,amitabh bachchan,1
1467,amitabh bacchan,1
1468,amit shah,1
1469,vaccine phase 3 trial,1
1470,tsingtao beer,1
1471,tsingtao,1
1472,chinese outbreak,1
1473,corona vaccine,1
1474,godzilla,1
1475,ponos,1
1476,lei-meng yan,1
1477,whistleblower,1
1478,kakashi,1
1479,kakashi hatake,1
1480,hand santitizer,1
1481,outbreak,1
1482,mass rapid transit (mrt),1
1483,tshirt,1
1484,mjolnir,1
1485,captain america,1
1486,swede,1
1487,cnn reporter,1
1488,quarantine week,1
1489,air freshner,1
1490,urrak,1
1491,hazmat suit,1
1492,tump supporter,1
1493,valdimir puitin,1
1494,vladimir puitin,1
1495,nancy peloci,1
1496,wuhan people,1
1497,mr.stark,1
1498,spiderman,1
1499,chink virus,1
1500,muhammad sarim akhtar,1
1501,united nations (un),1
1502,relatives,1
1503,biohazard 8,1
1504,ps4,1
1505,covid 19 cases,1
1506,covid19 cases,1
1507,man,1
1508,berine sanders,1
1509,waffle house,1
1510,word health organisation,1
1511,usa government,1
1512,protestors,1
1513,trevor noah,1
1514,money heist,1
1515,lisol,1
1516,lizol,1
1517,cigarette,1
1518,mobile,1
1519,tmz news,1
1520,alien,1
1521,donald trump's staff,1
1522,cid,1
1523,us navy,1
1524,gondor,1
1525,afghanistan,1
1526,klaus schwab,1
1527,new york city,1
1528,brooklyn,1
1529,football,1
1530,assault rifle,1
1531,white guy,1
1532,plague outbreak,1
1533,thailand,1
1534,plague outbreaks,1
1535,times square,1
1536,carl elemen,1
1537,ludo king,1
1538,coronavirus transmission,1
1539,asian people,1
1540,class of 2021,1
1541,emmanuel macron,1
1542,british government,1
1543,chinese products,1
1544,tony stark,1
1545,chunky pandey,1
1546,i4,1
1547,german measles,1
1548,child sex trafficking,1
1549,chinese product,1
1550,stores in china,1
1551,ebola extra,1
1552,hollywood exposed,1
1553,diet coke,1
1554,tiwan,1
1555,taiwan,1
1556,sparky,1
1557,linda,1
1558,asian-americans,1
1559,people of delhi,1
1560,national suicide,1
1561,national suicide prevention lifeline,1
1562,cinema projectionist,1
1563,main stream media (msm),1
1564,human papilloma virus,1
1565,hip,1
1566,hiv,1
1567,human papillomavirus,1
1568,sydney,1
1569,donut,1
1570,easter egg hunt,1
1571,mary franson,1
1572,neighbour,1
1573,world war 2,1
1574,people travelling in 2020,1
1575,shirt,1
1576,states opening too soon,1
1577,second wave of coronavirus,1
1578,windows 10,1
1579,microsoft meeting,1
1580,sonu sood,1
1581,zomato,1
1582,swiggy,1
1583,windows 95,1
1584,bill & melinda gates foundation,1
1585,starbucks,1
1586,chian virus,1
1587,hot water,1
1588,deanna lorraine,1
1589,deanne lorraine,1
1590,grand old party,1
1591,rishabh pant,1
1592,shikhar dhawan,1
1593,rahul,1
1594,teammates,1
1595,dhawan,1
1596,pant,1
1597,snack hoarding,1
1598,bikini bodies,1
1599,symptoms of coronavirus,1
1600,the earth,1
1601,jenny,1
1602,scotland,1
1603,laxative,1
1604,umar akmal,1
1605,ppe,1
1606,autism,1
1607,polio,1
1608,blood cough,1
1609,dry cough,1
1610,kelis rogers,1
1611,royal challangers bangalore,1
1612,socks,1
1613,cgi rita ora,1
1614,rita ora,1
1615,stimulus check,1
1616,memers,1
1617,karen essential oils,1
1618,jamie,1
1619,meteorite,1
1620,queen elizabeth ii,1
1621,elected official,1
1622,postcard,1
1623,international travel,1
1624,elected officials,1
1625,carbon tax,1
1626,dalgona coffee,1
1627,burgers,1
1628,momos,1
1629,walmart,1
1630,disney world,1
1631,fun spot america theme parks,1
1632,fun spot,1
1633,seaworld,1
1634,hop scotch club,1
1635,hop scotch,1
1636,dwayne johnson,1
1637,madagascar,1
1638,people of up,1
1639,demon,1
1640,hospitals,1
1641,chain link fence,1
1642,microscopic virus,1
1643,mosquito,1
1644,rain,1
1645,april fool's day,1
1646,horoscope,1
1647,anti-maskers,1
1648,china coronavirus,1
1649,robert pattinson,1
1650,peter sarsgaard,1
1651,pattinson,1
1652,high school,1
1653,telekinesis,1
1654,admin,1
1655,chinese food place,1
1656,anti-virus,1
1657,pornhub executives,1
1658,scientist,1
1659,mexican druglord pablo escobar,1
1660,pablo escobar,1
1661,black mirror,1
1662,engineering,1
1663,engineering students,1
1664,engineering people,1
1665,king lear,1
1666,rob schneider,1
1667,the hot chick,1
1668,william shakespeare,1
1669,pets,1
1670,savings,1
1671,smurfs,1
1672,cloud,1
1673,anglo americans,1
1674,pubs,1
1675,tamilnadu,1
1676,tamil nadu,1
1677,south korea,1
1678,cgpa,1
1679,city parents,1
1680,farm parents,1
1681,corona vius,1
1682,russian vodka,1
1683,universal logo,1
1684,air pollution,1
1685,sky,1
1686,dph,1
1687,india lockdown announcement,1
1688,india lockdown execution,1
1689,lockown,1
1690,lockdown in india,1
1691,human race,1
1692,diego maradona,1
1693,coffee cup,1
1694,english teachers,1
1695,polar vortex,1
1696,anthony adams,1
1697,jehovah's witnesses,1
1698,jehovah,1
1699,bank balance,1
1700,friday,1
1701,coronavirus porn,1
1702,porn,1
1703,president tim killeen,1
1704,other students,1
1705,holiday trip,1
1706,me,1
1707,my friends,1
1708,mobile phone,1
1709,potato,1
1710,wilson wilson jr.,1
1711,wilson,1
1712,commerative jewellery (tissue pattern earrings),1
1713,jewellery,1
1714,oil war,1
1715,stock market crash,1
1716,face time,1
1717,virtual prom,1
1718,donals trump,1
1719,costco water,1
1720,cough syrup,1
1721,chai,1
1722,dolphins,1
1723,covid19 palliative warehouse,1
1724,osun,1
1725,lagos,1
1726,part time job,1
1727,anri-vaxxers,1
1728,anti-vaxxer's parents,1
1729,lee hsien loong,1
1730,global media,1
1731,seasonal flu,1
1732,fruit seed,1
1733,indonesians,1
1734,mumbai indians (mi),1
1735,ipl fans,1
1736,chennai super kings (csk),1
1737,delhi daredevils (dd),1
1738,arshad warsi,1
1739,live events,1
1740,jounralists,1
1741,journallists,1
1742,coronavirus publicist,1
1743,pawn stars,1
1744,elementary school teachers,1
1745,sick people,1
1746,grocery,1
1747,breitling watches,1
1748,wish.com,1
1749,orders,1
1750,coronavirus party,1
1751,homeschool teachers,1
1752,patrick mahomes,1
1753,kansas city,1
1754,kansas,1
1755,tacos,1
1756,tentin quarantino,1
1757,john morgan,1
1758,shortage of toilet paper,1
1759,people with chronic illness,1
1760,shops,1
1761,justin timberlake,1
1762,hermione,1
1763,daniel radcliffe,1
1764,harry potter,1
1765,emma charlotte,1
1766,people complaining for covid19 quarantine,1
1767,jaws,1
1768,jaws mayor,1
1769,people complaining about covid 19 quarantine,1
1770,throat,1
1771,sunday,1
1772,june,1
1773,qurantine,1
1774,horse people,1
1775,horse shows,1
1776,teachers and staff,1
1777,government official,1
1778,taliban,1
1779,taliban fighters,1
1780,bills,1
1781,jason,1
1782,jason voorhees,1
1783,company,1
1784,press conference,1
1785,soup,1
1786,officer,1
1787,lettuce,1
1788,nhl,1
1789,national hockey league (nhl),1
1790,flights,1
1791,monkey,1
1792,laughter,1
1793,anushka sharma,1
1794,vancoouver,1
1795,vancouver,1
1796,2nd wave of coronavirus,1
1797,k.l rahul,1
1798,k.l.rahul,1
1799,fiji,1
1800,casinos,1
1801,nursing school,1
1802,birthday plan,1
1803,governor andy beshear,1
1804,andy beshear,1
1805,movie,1
1806,human consciousness,1
1807,stoplights,1
1808,consciousness,1
1809,crude oil,1
1810,crude oil prices,1
1811,denmark.,1
1812,literate people,1
1813,summer,1
1814,architects,1
1815,architect,1
1816,architecture,1
1817,therapist,1
1818,co2,1
1819,organizations,1
1820,bruce aylward,1
1821,english sweating sickness,1
1822,french disease,1
1823,sapnish influenza,1
1824,african sleeping sickness,1
1825,no time to die,1
1826,public health,1
1827,black death,1
1828,hair salon,1
1829,dog groomer,1
1830,rick astley,1
1831,health care workers,1
1832,healthcare workers,1
1833,american crisis,1
1834,national health service (nhs),1
1835,russian covid19 vaccine,1
1836,ghetto,1
1837,hr,1
1838,grand baby,1
1839,isarelis,1
1840,mr. rogers,1
1841,rogers,1
1842,slippers,1
1843,sweaters,1
1844,anti-vaxxers,1
1845,michael jackson,1
1846,unvaccinated children,1
1847,peanut butter,1
1848,indian council of medical research (icmr),1
1849,icmr,1
1850,covaxin,1
1851,houses,1
1852,grand children,1
1853,mona lisa,1
1854,instagram thots,1
1855,smirnoff,1
1856,travel,1
1857,anitvaxxers,1
1858,anti-vaxxers parents,1
1859,feminism,1
1860,salman khan,1
1861,power school,1
1862,astronaut,1
1863,moon,1
1864,maggie,1
1865,bran,1
1866,muzzles,1
1867,us state department,1
1868,us state deparment communications,1
1869,wuhan bio terror laboratory,1
1870,donald trunmp,1
1871,jeans,1
1872,roommate,1
1873,face mask industry,1
1874,phd students,1
1875,nsf,1
1876,wuhanpneumonia,1
1877,coronavrius meme,1
1878,melania,1
1879,travel agents,1
1880,spirit halloween,1
1881,sadler,1
1882,dr. sadler,1
1883,trump administration,1
1884,people all over the world,1
1885,the legend of zelda,1
1886,londoners,1
1887,donald trump suporters,1
1888,hair cuts,1
1889,houston astros,1
1890,china. us,1
1891,fishing,1
1892,medicine,1
1893,jesus christ,1
1894,zoom call,1
1895,fever infected people,1
1896,club team,1
1897,club teams,1
1898,miami,1
1899,easter,1
1900,mandalorian,1
1901,bus stop,1
1902,veterans hospitals,1
1903,bandits,1
1904,sasquatch/ bigfoot,1
1905,flotus,1
1906,coronavirus testing kits,1
1907,coronavirus kits,1
1908,ration,1
1909,carolyn goodman (las vagas mayor),1
1910,dr. fauci,1
1911,kathy hochul,1
1912,goya,1
1913,antarctica,1
1914,debbie,1
1915,hitler,1
1916,lime,1
1917,apple,1
1918,traditional pos systems,1
1919,hr managers,1
1920,front line workers,1
1921,macaulay culkin,1
1922,trump adminisatration,1
1923,hair cut,1
1924,republican figures,1
1925,lube,1
1926,gains,1
1927,travel influncers,1
1928,jason memoa,1
1929,inbox,1
1930,coronavirus conference,1
1931,andy,1
1932,darwin award,1
1933,homies,1
1934,masakkali,1
1935,humann,1
1936,coronavirus patient,1
1937,gorcery shop,1
1938,patriotism,1
1939,des moines,1
1940,bill gate's vaccine,1
1941,bill gates vaccine,1
1942,herpes,1
1943,airpods,1
1944,cornell medical school,1
1945,tulsa,1
1946,paul laurence dunbar,1
1947,paul laurence,1
1948,mac dre,1
1949,halloween mask,1
1950,hillary mask,1
1951,johnny depp,1
1952,oscar wilde,1
1953,vladi,1
1954,royalty,1
1955,ski mask,1
1956,glass mask,1
1957,catholic church,1
1958,mitochondria,1
1959,nixon mask,1
1960,hydro pill,1
1961,hyrdro pill,1
1962,jonathan swan,1
1963,joe,1
1964,social distancing tool,1
1965,muslimist,1
1966,obamaist,1
1967,comunist,1
1968,obamist,1
1969,trumptard,1
1970,quarantining,1
1971,stay at home moms,1
1972,videochat,1
1973,pope fransis,1
1974,yoga,1
1975,yoga at home,1
1976,office workers,1
1977,cremators,1
1978,wrestlers,1
1979,contruction workers,1
1980,kamikaze,1
1981,work emails,1
1982,plane pilots,1
1983,trump face mask,1
1984,state bank of india (sbi),1
1985,fishermen,1
1986,sunscreen,1
1987,lebanese govt,1
1988,lebanese government,1
1989,hezbollah,1
1990,executioners,1
1991,the executioners,1
1992,teach at home,1
1993,zoo keepers,1
1994,race car drivers,1
1995,zoom work meeting,1
1996,firemen,1
1997,lumberjacks,1
1998,bank robbers,1
1999,sergio ramos,1
2000,vius,1
2001,bartenders,1
2002,dentist,1
2003,drug dealers,1
2004,team meeting,1
2005,officers,1
2006,weapons,1
2007,coronavirus officers,1
2008,epidemic,1
2009,work remotely,1
2010,testing kit,1
2011,local health department,1
2012,wuhan flu,1
2013,slavs,1
2014,winnie the pooh,1
2015,glf news,1
2016,veterinarians,1
2017,daycare,1
2018,staff meetings,1
2019,chinese women,1
2020,chicken pox,1
2021,chickenpox parties,1
2022,marine drivers,1
2023,nigga,1
2024,orange county,1
2025,wuhan coronavirus memes,1
2026,chinese restaurant. mom,1
2027,restaurant,1
2028,snack,1
2029,robbers,1
2030,robber,1
2031,corona virus,1
2032,globalist elites,1
2033,sports commentators,1
2034,sports commentrators,1
2035,ea employees,1
2036,ea sports,1
2037,work from home yoga pants,1
2038,archeologists,1
2039,prostitutes,1
2040,video chat,1
2041,the us,1
2042,kitchen,1
2043,chicken chow mein,1
2044,work home,1
2045,wuhan virus alcohol,1
2046,employed women,1
2047,sahms,1
2048,work at home mum,1
2049,jonathan gruber,1
2050,obama care,1
2051,surgeons,1
2052,wuhan clan,1
2053,amma,1
2054,zoologists,1
2055,painters,1
2056,bioweapon lab,1
2057,face cover,1
2058,tourist,1
2059,bed,1
2060,china officials,1
2061,uber eats,1
2062,airports,1
2063,chinese friend,1
2064,working from home memes,1
2065,wuhan kid,1
2066,diseases,1
2067,lawrence wong,1
2068,fridge,1
2069,japanese,1
2070,japanese encephalitis virus,1
2071,zika virus,1
2072,recuiter,1
2073,recruiter,1
2074,wuhan football team,1
2075,phillipine,1
2076,sbi employee,1
2077,harshad malya,1
2078,wuhan virus updates,1
2079,people of spain,1
2080,closed borders,1
2081,wuhan nobyl,1
2082,windmill cancer,1
2083,corona extra drink,1
2084,coronavirusnyc,1
2085,trump followers,1
2086,second wave of covid19,1
2087,pint,1
2088,chinese finger trap,1
2089,valentine's day,1
2090,wuhan virus plague,1
2091,lukas and larae,1
2092,qassem soleimani,1
2093,saddam hussein,1
2094,angel moroni’s trumpet,1
2095,angel moroni,1
2096,angel moroni trumpet,1
2097,asian woman,1
2098,the guy who ate bat,1
2099,worldwide stock market,1
2100,guy who ate bat,1
2101,stock markets,1
2102,xenophobia,1
2103,simulations,1
2104,map,1
2105,patient with fever,1
2106,female nurse,1
2107,flu virus,1
2108,fact check,1
2109,dallas,1
2110,zoom video conferencing,1
2111,centres for disease control and prevention,1
2112,centres for disease control (cdc),1
2113,warsaw,1
2114,berlin,1
2115,china's president,1
2116,world health organization (wo),1
2117,people at world health organisation,1
2118,anytime fitness,1
2119,cdc certified mask,1
2120,shadong,1
2121,yunnan province,1
2122,shadong province,1
2123,yunnan,1
2124,holding hands,1
2125,covid deniers,1
2126,sensible prepper,1
2127,coronavirus prepper,1
2128,liqour,1
2129,salad,1
2130,corona test,1
2131,roomate,1
2132,budweiser,1
2133,netherlands,1
2134,swimmers,1
2135,covid19 lockdown,1
2136,covid lockdown,1
2137,coronavirus. t-shirt,1
2138,speeding tickets,1
2139,flora,1
2140,social distancing norms,1
2141,2028,1
2142,screen,1
2143,people drinking bat soup in china,1
2144,people eating live rats in china,1
2145,rats,1
2146,indian chinese gobi manchurian,1
2147,gobi manchurian,1
2148,indian chinese,1
2149,pneumoina,1
2150,chinese airport,1
2151,crochet,1
2152,principal,1
2153,dettol,1
2154,ads,1
2155,harpic,1
2156,indian matchmaking,1
2157,thanos snap sanitizer,1
2158,bra,1
2159,dinner,1
2160,bodies,1
2161,italian mayor,1
2162,lngerie,1
2163,ppe kit,1
2164,players,1
2165,bcci,1
2166,liquor shop,1
2167,emoji,1
2168,emojis,1
2169,spring break,1
2170,hairstyle,1
2171,russian nurse nadia,1
2172,covid patients,1
2173,nadia,1
2174,inners,1
2175,bingo,1
2176,pewdiepie,1
2177,flood,1
2178,bushfires,1
2179,bushfire,1
2180,genz,1
2181,gen z,1
2182,homeschooling memes,1
2183,victoria's secret,1
2184,mask companies,1
2185,face mask companies,1
2186,husband,1
2187,nepal,1
2188,india-china standoff,1
2189,candle manufacturers,1
2190,hyderabad,1
2191,indore,1
2192,marriages,1
2193,mumbai,1
2194,tier 2 cities,1
2195,ahmedabad,1
2196,chennai,1
2197,lucknow,1
2198,vijaywada,1
2199,pune,1
2200,vizag,1
2201,agra,1
2202,bengaluru,1
2203,coronavirus lockdown,1
2204,kerala,1
2205,destination wedding,1
2206,destination weddings,1
2207,long distance,1
2208,long distance haircut,1
2209,indianboys,1
2210,indian boys,1
2211,girlfriends,1
2212,covid19 alerts,1
2213,partner,1
2214,baby yoda,1
2215,govt officials,1
2216,science stream,1
2217,disneyland,1
2218,covid19 restrictions,1
2219,trade,1
2220,hallunications,1
2221,assignment,1
2222,deskphone,1
2223,coronavirus shutdown,1
2224,101 years old holocust and spanish flu surviver,1
2225,coronavirus survivor,1
2226,walking dead,1
2227,experimental covid vaccine,1
2228,post-covid,1
2229,pre-covid,1
2230,post covid,1
2231,avocado,1
2232,bee sting,1
2233,penis,1
2234,bacon,1
2235,grandma,1
2236,employer,1
2237,pay check,1
2238,liam gallagher,1
2239,varun d,1
2240,coolie no. 1,1
2241,govinda,1
2242,coolie no 1,1
2243,varun dhawan,1
2244,ufc,1
2245,khabib vs tony,1
2246,ultimate fighting championship (ufc),1
2247,social gatherings,1
2248,malayasians,1
2249,muhyiddin yassin,1
2250,malaysians,1
2251,muhyiddin,1
2252,fencing,1
2253,summer vacations,1
2254,stay in,1
2255,guerrero street,1
2256,butter,1
2257,fruit,1
2258,flu shot,1
2259,prime,1
2260,hotstar,1
2261,amazon prime,1
2262,ramayan,1
2263,song,1
2264,barb solberg,1
2265,red card,1
2266,covidiot,1
2267,bonnie henry,1
2268,dr. bonnie henry,1
2269,comapny,1
2270,quarantine day,1
2271,helium,1
2272,national broadband network,1
2273,national broadcast network (nbn),1
2274,ww3 memes,1
2275,covid19 meme,1
2276,world war 3 (ww3),1
2277,volcano,1
2278,carole baskin's husband,1
2279,siracha,1
2280,siracha hand sanitizer,1
2281,germs,1
2282,thomas,1
2283,brethren,1
2284,post corona,1
2285,pre corona,1
2286,cooking,1
2287,mask idea,1
2288,education system,1
2289,covid19 patient,1
2290,namaste,1
2291,vulcan,1
2292,high five,1
2293,handshake,1
2294,kiss,1
2295,fist bump,1
2296,social greetings,1
2297,pigeons,1
2298,corona kapoor,1
2299,mariah carey,1
2300,coronavirus tip,1
2301,wear a mask,1
2302,safe distance,1
2303,erthquake,1
2304,quarantine wine mixer,1
2305,happy hour,1
2306,pre covid19,1
2307,paris,1
2308,singapore,1
2309,covid memes,1
2310,centers for disease control and prevention,1
2311,centers for disease control (cdc),1
2312,milkshakes,1
2313,2 metre rule,1
2314,the glen,1
2315,drive-in theatre,1
2316,lysol wipes,1
2317,workout,1
2318,social distancing day,1
2319,twilight imperium,1
2320,team and whiteboard,1
2321,bowling alley shoe spray,1
2322,bowing alley shoe spray,1
2323,brown alley shoe spray,1
2324,cbd,1
2325,lady,1
2326,suitcase,1
2327,covid29,1
2328,the whole world,1
2329,wrong mask,1
2330,adulthood,1
2331,career,1
2332,real life,1
2333,flying cars,1
2334,1989,1
2335,skype meeting,1
2336,people you love,1
2337,idiots denying covid19,1
2338,brain damange,1
2339,cheimstry teachers,1
2340,bitcoin,1
2341,bitcoin era,1
2342,lashes,1
2343,hair extensions,1
2344,botox,1
2345,gym,1
2346,homemade mask,1
2347,toppers,1
2348,stress,1
2349,vegas,1
2350,raavan,1
2351,deaths,1
2352,covid death,1
2353,protests,1
2354,croonavirus memes,1
2355,coronavirus caller tune,1
2356,coronavirus ringtone,1
2357,coughing,1
2358,corona graph,1
2359,human civilization,1
2360,human civilisation,1
2361,tissue papers,1
2362,indian guy,1
2363,coronavirus prevention,1
2364,coornavirus prevention,1
2365,vodka,1
2366,currency,1
2367,disinfectant spray,1
2368,wonder woman,1
2369,robert b. weide,1
2370,online,1
2371,extraverts,1
2372,summer 2020,1
2373,coronavirus book of memes,1
2374,2020-06-01 00:00:00,1
2375,home alone 2: lost in new york,1
2376,coronavirus quarantine,1
2377,people with fever,1
2378,waldo,1
2379,self isolation,1
2380,villain,1
2381,coronavirus stockpile,1
2382,pm modi,1
2383,stick,1
2384,premium account,1
2385,goa way,1
2386,2020 tokyo olympics,1
2387,refrigerator,1
2388,raiders,1
2389,diarrhea,1
2390,alcohol and high temperatures,1
2391,pigeon,1
2392,post quarantine,1
2393,normal people vs people with coronavirus,1
2394,female leaders,1
2395,online schools,1
2396,psychiatrist,1
2397,facetime,1
2398,the cure band,1
2399,carona,1
2400,shanghai,1
2401,shangai,1
2402,my job,1
2403,charger,1
2404,batteries,1
2405,chronic illness memes,1
2406,club penguin dance floor,1
2407,corporation,1
2408,french,1
2409,french people,1
2410,c major,1
2411,pilot,1
2412,administrator,1
2413,trips,1
2414,people with normal fever vs people with coronavirus,1
2415,real estate agent,1
2416,bidet,1
2417,chinese food,1
2418,zoom conference call,1
2419,boyfriend,1
2420,ramen noodles,1
2421,cooties,1
2422,chetan bhagat,1
2423,reese's egg,1
2424,doritos,1
2425,flexing in 2019 vs 2020,1
2426,publix,1
2427,earthlings,1
2428,population,1
2429,coronavirus preventive measures,1
2430,black friday,1
2431,phone calls,1
2432,covd 19,1
2433,psa,1
2434,suicide,1
2435,murders,1
2436,assassinations,1
2437,toxic relationship,1
2438,self quarantine,1
2439,leaves,1
2440,koala,1
2441,exam notes,1
2442,people with the coronavirus,1
2443,t-rex,1
2444,t-rexes,1
2445,dudes on dating apps,1
2446,jane austen,1
2447,hoop skirts,1
2448,less traffic,1
2449,air traffic,1
2450,star wars,1
2451,less pollution,1
2452,crawls,1
2453,navy,1
2454,battle ship,1
2455,navy people,1
2456,fyre festival,1
2457,charmin commercial,1
2458,day,1
2459,worms,1
2460,blue jays,1
2461,cardinals,1
2462,rope,1
2463,rubber gloves,1
2464,duct tape,1
2465,plastic sheeting,1
2466,plunger,1
2467,plungers,1
2468,mother,1
2469,broke,1
2470,old teachers,1
2471,new teachers,1
2472,maths students,1
2473,monitor,1
2474,march 2020,1
2475,pana walter,1
2476,vitamin gummies,1
2477,whatsapp,1
2478,allah. girls,1
2479,antivaxx,1
2480,anti-vax kid,1
2481,customer,1
2482,squidward,1
2483,google translate,1
2484,romaninan,1
2485,sock market,1
2486,oil wars,1
2487,england,1
2488,scottish,1
2489,covid restrictions,1
2490,homeschooled kids,1
2491,home schooling day,1
2492,chest tightness,1
2493,anxiety,1
2494,covid19 quarantine,1
2495,heart,1
2496,herald,1
2497,margarita,1
2498,online teaching,1
2499,world economy,1
2500,nostradamus,1
2501,death,1
2502,amazon delivery guy,1
2503,drinks,1
2504,principals,1
2505,sheeple,1
2506,carnival distaste,1
2507,brexit mandates,1
2508,teaher,1
2509,quarantine life,1
2510,pasta,1
2511,david willey,1
2512,queen elizabeth's son,1
2513,miel con limon,1
2514,broncolin,1
2515,wu-hound,1
2516,traffic warden,1
2517,wipers,1
2518,doggo,1
2519,loyal dog,1
2520,goat,1
2521,homeoffice,1
2522,anarchy,1
2523,sri lanka,1
2524,instagram celeb,1
2525,onnline school,1
2526,bubble,1
2527,quaranteens,1
2528,quaranteen,1
2529,divorce lawyer,1
2530,tony vs. khabib,1
2531,tony vs khabib,1
2532,horror,1
2533,pornhub exces,1
2534,pornhub execs,1
2535,quarantines,1
2536,conf. call,1
2537,groups,1
2538,student organizations,1
2539,clubs,1
2540,quidditch matches,1
2541,teams,1
2542,dudley,1
2543,student loans,1
2544,customers,1
2545,bagel store,1
2546,bangels,1
2547,realtor,1
2548,quaranitned,1
2549,couch,1
2550,project,1
2551,homeschool project,1
2552,quarante province,1
2553,cold,1
2554,covididiots,1
2555,arranged marriage,1
2556,arrange marriage,1
2557,auto rickshaw,1
2558,indian tv shows,1
2559,work from other,1
2560,tea,1
2561,britain,1
2562,modiji,1
2563,delhi people,1
2564,sanitising,1
2565,whole world,1
2566,dholakpur,1
2567,handwashing dance,1
2568,vladimir putin russian vaccine,1
2569,putin,1
2570,research team,1
2571,asteroid,1
2572,asteroids,1
2573,ola drivers,1
2574,uber/ola drivers,1
2575,ramdas athavale,1
2576,jee,1
2577,net,1
2578,neet,1
2579,my plans,1
2580,usa. china,1
2581,travelling,1
2582,jil stein,1
2583,roses,1
2584,will smith,1
2585,reporting system,1
2586,brian williams,1
2587,pete carroll,1
2588,gas station,1
2589,porcupine,1
2590,loch ness,1
2591,loch ness monster,1
2592,elevator,1
2593,palestinian,1
2594,sushi,1
2595,mexican tap water,1
2596,flint,1
2597,flipagram,1
2598,jägerbomb,1
2599,saturday night live,1
2600,porn star,1
2601,high school students,1
2602,florida high school students,1
2603,liberal party,1
2604,liberals in power,1
2605,wildlife,1
2606,brighton,1
2607,liberatarians,1
2608,red states,1
2609,gasoline,1
2610,democratics,1
2611,blunt,1
2612,helicopter,1
2613,cheese,1
2614,demolay,1
2615,demolay international,1
2616,dogald trump,1
2617,anime,1
2618,libertarian party (lp),1
2619,lp voters,1
2620,pool,1
2621,left party (lp),1
2622,wallace,1
2623,vice prime minister,1
2624,the united states,1
2625,puppies,1
2626,business owners,1
2627,local business owners,1
2628,shop keepers,1
2629,indegenous people,1
2630,mordor,1
2631,sauron,1
2632,the one ring,1
2633,brian stelter,1
2634,7-eleven,1
2635,dunkin donuts,1
2636,joshua smith,1
2637,chat,1
2638,founders,1
2639,impeach,1
2640,duck toasters,1
2641,nevada vote counting,1
2642,grass,1
2643,snail,1
2644,work week,1
2645,dollars,1
2646,voting,1
2647,liberal mayor of olympia,1
2648,washington (wa),1
2649,liberal mayor,1
2650,ryan fournier,1
2651,olympia,1
2652,tunnels,1
2653,party of lincoln,1
2654,libraries,1
2655,labor rights,1
2656,anti libertarian memes,1
2657,public schools,1
2658,parks,1
2659,protest,1
2660,vice-presidential debate,1
2661,sunglasses,1
2662,keynsian economics,1
2663,keynesian economics,1
2664,democrats’s primary,1
2665,democrat's primary,1
2666,onald trump,1
2667,chocolate cows,1
2668,chocolate milk,1
2669,america people,1
2670,mirrors,1
2671,interviewer,1
2672,barack obama. michelle obama,1
2673,furniture,1
2674,cartoons,1
2675,envelope,1
2676,oranges,1
2677,lemons,1
2678,interview,1
2679,politic,1
2680,fragrance,1
2681,republican party healthcare plan,1
2682,austin petersen,1
2683,libertarian party presidential debate,1
2684,5 year old,1
2685,heroine,1
2686,cannabidiol (cbd) gummies,1
2687,vice presidential memes,1
2688,facebook feed,1
2689,british foreign secretary,1
2690,nigel farage,1
2691,roe vs wade,1
2692,the rock (dwayne johnson),1
2693,dr. dr. anthony fauci,1
2694,cushions,1
2695,presidential medal,1
2696,cologne,1
2697,non-whites,1
2698,bear cub,1
2699,leonardo decaprio,1
2700,commission,1
2701,libertian party of colorado,1
2702,bumble,1
2703,joseph robinette biden,1
2704,satan,1
2705,candidates for president,1
2706,presidential candidates,1
2707,keyboard,1
2708,statistics,1
2709,feelings,1
2710,mark zuckerberg,1
2711,presidential suite,1
2712,vice presidential debate memes,1
2713,african american rights,1
2714,pakistani,1
2715,presidential medal of freedom,1
2716,horcrux,1
2717,debate drinking game,1
2718,libertariansim,1
2719,smoking,1
2720,presidency of united states,1
2721,george sorors,1
2722,corporate money,1
2723,trade deals,1
2724,greenbacks,1
2725,chewbacca,1
2726,tax returns,1
2727,tea party news,1
2728,make america great again(maga),1
2729,price gouging,1
2730,report,1
2731,blasting commies,1
2732,a promised land,1
2733,socket,1
2734,wood,1
2735,server,1
2736,pyre,1
2737,debate moderator,1
2738,business owner,1
2739,australian governemnt,1
2740,australians immersed in us politics,1
2741,avengers,1
2742,political debate,1
2743,anti-american commie democrats,1
2744,right wing prime minister,1
2745,new urbanist memes for transit-oriented teens (numtot),1
2746,numtot,1
2747,margaritas,1
2748,village,1
2749,donald trump vote,1
2750,green party vote,1
2751,presedential debate moderator,1
2752,libertarian candiates,1
2753,libertarian voter,1
2754,democrat voter,1
2755,speech,1
2756,free speech,1
2757,head,1
2758,juulu charger,1
2759,laws,1
2760,activist,1
2761,neil gorsuch,1
2762,mr. walker,1
2763,scott morrison,1
2764,goofy greens,1
2765,drum set,1
2766,trump presidency,1
2767,debit card,1
2768,ex,1
2769,skrek,1
2770,deomcratic party,1
2771,snake oil,1
2772,crowdfunding,1
2773,liberals (libs),1
2774,gay people,1
2775,biden campaign,1
2776,jesse ventura,1
2777,ghislaine maxwell,1
2778,hannah jane parkinson,1
2779,benjamin netanyahu,1
2780,manmohan singh,1
2781,cricket,1
2782,american families,1
2783,illegal immrigrants,1
2784,tax payers,1
2785,pockets,1
2786,progressive,1
2787,bath towels,1
2788,michelle obama. curtains,1
2789,unle sam,1
2790,flavor flav,1
2791,being libertarian,1
2792,followers,1
2793,trolls,1
2794,joe biden donald trump barack obama memes,1
2795,whistle-blowers,1
2796,investigative journalism,1
2797,sian berry,1
2798,parliament,1
2799,siân berry,1
2800,elvis,1
2801,amal shookup,1
2802,elvis presley,1
2803,system,1
2804,the libertarian party of colorado,1
2805,peter lewis,1
2806,progressive insurance,1
2807,geogre soros,1
2808,american civil liberties union (aclu),1
2809,aclu,1
2810,moveon.org,1
2811,joe biden rally,1
2812,civil rights,1
2813,eric lutz,1
2814,margarine,1
2815,betsy devos,1
2816,capitalist democrats,1
2817,captialism,1
2818,cemetery,1
2819,repubilcan party of kentucky,1
2820,amy conney bannet,1
2821,anit-american commie democrats,1
2822,lemonade,1
2823,black market,1
2824,leftism,1
2825,state governors,1
2826,governors,1
2827,state governer,1
2828,tip,1
2829,wealthy elites,1
2830,illiterate populace,1
2831,dark age,1
2832,ludwig von mises,1
2833,avenger,1
2834,red wave redemption,1
2835,deepstate,1
2836,door knob,1
2837,rational human,1
2838,alt-right,1
2839,alt-left,1
2840,robert a. nowlan,1
2841,coin,1
2842,beto,1
2843,banjo boy,1
2844,sirius black,1
2845,democratic party primary,1
2846,debbie wasserman shultz,1
2847,impeachment committee,1
2848,democratic party national convention,1
2849,green party activist,1
2850,uk independence party (ukip),1
2851,ramon menon,1
2852,chips,1
2853,senate hearing,1
2854,op-ed,1
2855,grren party,1
2856,serta,1
2857,republican party nominee,1
2858,perfumania,1
2859,macy,1
2860,televisa,1
2861,pga,1
2862,macy's,1
2863,pvh,1
2864,univision,1
2865,nascar,1
2866,communist voting machine,1
2867,president woof,1
2868,woof,1
2869,obama supporter,1
2870,obama supporters,1
2871,white bread,1
2872,russian dressing,1
2873,sandwich,1
2874,book,1
2875,conrad rhodes,1
2876,deborah ramirez,1
2877,founding principles,1
2878,noam chomsky,1
2879,snarky pundit,1
2880,prsidential debate,1
2881,night hawk,1
2882,martha,1
2883,secretary,1
2884,executive director,1
2885,republican party of virginia,1
2886,republican party of virgina,1
2887,the australian greens,1
2888,australian labour party,1
2889,australian greens,1
2890,investment banker,1
2891,goldsman sachs,1
2892,anti corruption bills,1
2893,green voter,1
2894,greens voter,1
2895,green party leader,1
2896,metal straw,1
2897,reusable cup,1
2898,politican,1
2899,spam,1
2900,issue voter,1
2901,gifs,1
2902,libertard,1
2903,statists,1
2904,colin powell,1
2905,alexandria,1
2906,borg queen,1
2907,vote counting staff,1
2908,trump transition team,1
2909,repbulican party,1
2910,spontaneous order,1
2911,f. a. hayek,1
2912,alaska libertarian party,1
2913,f.a. hayek,1
2914,mysogynist,1
2915,russian backed republican party,1
2916,tom cruise,1
2917,grren party voters vs outdoor party voters,1
2918,outdoors party,1
2919,modern conservative,1
2920,john kenneth galbraith,1
2921,space wall,1
2922,dark memes,1
2923,nukes,1
2924,failed policy,1
2925,russian president candidate,1
2926,john hickenlooper,1
2927,animal,1
2928,bombing,1
2929,rob reiner,1
2930,multinational corporations,1
2931,american politician,1
2932,crayon,1
2933,purple,1
2934,political propaganda,1
2935,rush limbaugh,1
2936,dakota johnson,1
2937,donald,1
2938,death panels,1
2939,aca,1
2940,trumpcare,1
2941,woke americans,1
2942,property,1
2943,permission slip,1
2944,perry,1
2945,st. catherine episcopal church,1
2946,government perry,1
2947,target,1
2948,corporatism,1
2949,student debt,1
2950,for profit healthcare,1
2951,stock buyback,1
2952,illegal cannabis,1
2953,climate destruction,1
2954,political duopoly,1
2955,brother,1
2956,hair force,1
2957,air force one,1
2958,bureaucrats,1
2959,bureaucrat,1
2960,middle school,1
2961,1956 republican party platform,1
2962,labor laws,1
2963,1965 republican party platform,1
2964,oreos,1
2965,ray armas,1
2966,cuba,1
2967,alligator,1
2968,audio tech,1
2969,recreational cocaine,1
2970,peak capitalism,1
2971,friend of kardashian,1
2972,kardashian,1
2973,gold wings,1
2974,alliances with racists,1
2975,austrian economics,1
2976,mises institute,1
2977,dr. jo,1
2978,government politican,1
2979,donald trump presidency,1
2980,mark ruffalo,1
2981,klanbake,1
2982,mike rowe,1
2983,henry hazlitt,1
2984,old gop,1
2985,cockroach,1
2986,people in positions of power,1
2987,billionares,1
2988,people in general positions of power,1
2989,people in position of power,1
2990,engine,1
2991,products,1
2992,model,1
2993,lindsay graham memes,1
2994,flickr,1
2995,lindsay graham,1
2996,lindsey graham,1
2997,donald trump memes,1
2998,200 years,1
2999,power,1
3000,status,1
3001,loreal,1
3002,oxymoron,1
3003,us citizenship,1
3004,immigration court,1
3005,melania trump parents,1
3006,chinese virus tweet,1
3007,terry,1
3008,marianna williamson,1
3009,marianne williamson,1
3010,christine blasey ford,1
3011,christine blassy ford,1
3012,joe biden. 2016,1
3013,thanks giving,1
3014,thanksgiving,1
3015,true detective,1
3016,stranger,1
3017,street,1
3018,clowns,1
3019,willy wonka,1
3020,lawsuit,1
3021,dnc fraud lawsuit,1
3022,ben marnanke,1
3023,ben bernanke,1
3024,fact checkers,1
3025,microphone,1
3026,buzzer,1
3027,middle class people,1
3028,dem debate,1
3029,iron man,1
3030,republican american,1
3031,aleppo,1
3032,cupcake,1
3033,christie,1
3034,the entire world,1
3035,joseph goebbels,1
3036,charity,1
3037,dead people,1
3038,brian hagedorn,1
3039,fema camps,1
3040,sharia law,1
3041,joe manchin,1
3042,baby lives,1
3043,lgbqt,1
3044,election workers,1
3045,election wokers,1
3046,songs,1
3047,taylor swift,1
3048,beau biden,1
3049,beau,1
3050,republic party,1
3051,counties,1
3052,good people,1
3053,small business owner,1
3054,small business,1
3055,donald trump fortnite,1
3056,sarasota,1
3057,pornography,1
3058,daily news,1
3059,carey abe,1
3060,foundation,1
3061,drinking game,1
3062,heidi cruz,1
3063,jacinda,1
3064,rainbow community,1
3065,jacinda ardern,1
3066,pickle party,1
3067,pickle,1
3068,republican voting booth,1
3069,tweet,1
3070,donald trump tweet,1
3071,ellen degeneres,1
3072,dsa,1
3073,earl browder,1
3074,sanders,1
3075,government aid,1
3076,little john,1
3077,germany green party,1
3078,party switch,1
3079,store,1
3080,mccarthy,1
3081,senator mccarthy,1
3082,meth,1
3083,milo yiannopoulos,1
3084,milo memes,1
3085,ealing green party,1
3086,michigan democratic party,1
3087,democratic city clerk,1
3088,detroit,1
3089,rose,1
3090,repulicants,1
3091,hat,1
3092,state of union,1
3093,nicholas sandmann,1
3094,wapo,1
3095,politicial party,1
3096,wellesley,1
3097,wii,1
3098,sharia,1
3099,cbs news,1
3100,cornell,1
3101,english department,1
3102,american institutions,1
3103,obi van kenobi,1
3104,jabba the hutt,1
3105,obi-wan kenobi,1
3106,monday,1
3107,christmas party,1
3108,eric garner,1
3109,internet research agency posts,1
3110,kkk isis,1
3111,trailer,1
3112,cop,1
3113,devices,1
3114,bleachbit,1
3115,sweater,1
3116,iwillvote.com,1
3117,cnbc,1
3118,thomas muclair,1
3119,tom mulcair,1
3120,elizabeth may,1
3121,secret police,1
3122,witness,1
3123,cornwall,1
3124,western civilization,1
3125,water companies,1
3126,european union (eu),1
3127,sea,1
3128,beaches,1
3129,matt gaetz,1
3130,crops,1
3131,1863,1
3132,liberal bourgeoisie,1
3133,carolyn s,1
3134,reverbpress,1
3135,radiohead,1
3136,american media,1
3137,american presidential election,1
3138,american justice system,1
3139,criminals,1
3140,police budget,1
3141,pinterest,1
3142,oven,1
3143,lationo immigrants,1
3144,lationo,1
3145,latino immigrants,1
3146,bill c-51,1
3147,sun,1
3148,black holes,1
3149,blackholes,1
3150,neutron star,1
3151,black hole,1
3152,socialism failure,1
3153,neutron stars,1
3154,civics,1
3155,civic,1
3156,honda,1
3157,constitution of united states,1
3158,tucker carlson,1
3159,the western journal,1
3160,libertarian party candidate,1
3161,liberty party candidate,1
3162,tv star,1
3163,donald reagan,1
3164,pancake,1
3165,badhombres,1
3166,bachelor party,1
3167,juan bahama,1
3168,ponzi,1
3169,ponzi scheme,1
3170,george takei,1
3171,geroge takei,1
3172,earpiece,1
3173,obama biden memes,1
3174,cbs,1
3175,club penguin,1
3176,november,1
3177,annabelle,1
3178,dillary dump,1
3179,julian assange,1
3180,election day,1
3181,president's day,1
3182,president day,1
3183,import tax,1
3184,paul krugman,1
3185,sugar daddies,1
3186,rape victims,1
3187,cheezeburger,1
3188,historians,1
3189,economists,1
3190,scholars,1
3191,reality tv stars,1
3192,reality tv star,1
3193,pharma executives,1
3194,diabetes,1
3195,democratic party mascot,1
3196,corvair club,1
3197,ralph nader,1
3198,matrix,1
3199,airplane,1
3200,new jersey,1
3201,iowa pennsylvania,1
3202,joe biden. new york,1
3203,fianna fail,1
3204,fine gael,1
3205,local post office,1
3206,shane ross,1
3207,bake,1
3208,supreme leader of republican party,1
3209,broccoli,1
3210,dog shit,1
3211,american election,1
3212,american elections,1
3213,ballot box,1
3214,rest of the us,1
3215,marxists,1
3216,james comey,1
3217,fbi director,1
3218,comey,1
3219,education in us,1
3220,department of education,1
3221,presidential debate commission,1
3222,intern,1
3223,cuban cigars,1
3224,bowl,1
3225,2020 republican platform,1
3226,1965 republican platform,1
3227,1956 republican platform,1
3228,bystanders,1
3229,tvn,1
3230,mint meme,1
3231,validimir putin,1
3232,conservative party,1
3233,gop memes,1
3234,grand old party (gop) memes,1
3235,jimmy kimmel,1
3236,terrence k. williams,1
3237,george wallace,1
3238,jimmy kemmel,1
3239,uk debate,1
3240,uk debates,1
3241,russian debate,1
3242,american debates,1
3243,american debate,1
3244,russian debates,1
3245,monsanto,1
3246,cbsn,1
3247,thomas l. friedman,1
3248,indiana people,1
3249,james b. comey,1
3250,america folks,1
3251,american folks,1
3252,nicholas sarwark,1
3253,karl tatgenhorst,1
3254,tattoo,1
3255,communist leader,1
3256,democrat clerk,1
3257,southfield,1
3258,democrat clerk of southfield,1
3259,democrats election,1
3260,democrat election fraud,1
3261,demcrat party,1
3262,darrell castle,1
3263,ayn  rand,1
3264,ayn rand,1
3265,deomcrats,1
3266,policy,1
3267,judaism,1
3268,trump team,1
3269,voting in wisconsin,1
3270,shrektacular party,1
3271,joe biden manager,1
3272,macleans,1
3273,maclean's,1
3274,relics,1
3275,oompa loompas,1
3276,oompa loompa,1
3277,john mulaney,1
3278,maryland black republican council,1
3279,average american voter,1
3280,james shaw,1
3281,adlai stevenson,1
3282,adam stevenson,1
3283,us predsident,1
3284,the notebook,1
3285,martin luther king (mlk),1
3286,back americans,1
3287,civil rights legislation,1
3288,jim crow laws,1
3289,sahara desert,1
3290,sand,1
3291,boston tea party,1
3292,trumps,1
3293,the trumps,1
3294,honey boo boo,1
3295,duck dynasty,1
3296,clinic,1
3297,florida woman,1
3298,florida man,1
3299,cat blood,1
3300,republican policies,1
3301,green party policies,1
3302,truck,1
3303,lib,1
3304,swinson swindle,1
3305,obama family,1
3306,manifesto,1
3307,third party vote,1
3308,joel patrick,1
3309,senator chuck schmuer,1
3310,harrisburg,1
3311,thomas mcinerney,1
3312,scorecard,1
3313,. presidential debate,1
3314,minecraft,1
3315,spooktober,1
3316,jim webb,1
3317,lincoln chafee,1
3318,martin o'malley,1
3319,chafee,1
3320,webb,1
3321,d'malley,1
3322,cnn debate,1
3323,smart's grove baptist church,1
3324,charles lewis,1
3325,walter comedian jeff dunham,1
3326,jeff dunham,1
3327,puppet,1
3328,walter,1
3329,the joker,1
3330,fake news,1
3331,andrew gillum,1
3332,beta o' rourke,1
3333,corey booker,1
3334,alexandria cortez,1
3335,stacy abram,1
3336,keith ellison,1
3337,gavin newsom,1
3338,communist party,1
3339,betu o'rourke,1
3340,stacey abram,1
3341,gavin newtom,1
3342,illuminati,1
3343,un,1
3344,memorial day,1
3345,anthony weiner,1
3346,gender,1
3347,robert f. kennedy jr.,1
3348,ontario,1
3349,ontario ndc,1
3350,liberal ontario,1
3351,ontario election,1
3352,cbc,1
3353,whiskey,1
3354,huckabee,1
3355,liberal democratic party,1
3356,make up,1
3357,bernie,1
3358,historian,1
3359,woodrow wilson,1
3360,1915,1
3361,louisiana,1
3362,dollar,1
3363,mexican government,1
3364,billboard,1
3365,civillians,1
3366,civilian,1
3367,terrorism,1
3368,green beer,1
3369,jack daniels,1
3370,reality tv actor,1
3371,b movie actor,1
3372,bumper sticker,1
3373,lp news,1
3374,air strike codes,1
3375,karl marx,1
3376,donald tump’s wives,1
3377,woodstock,1
3378,midterm elections,1
3379,mama jo,1
3380,police lives,1
3381,school lunches,1
3382,ron johnson,1
3383,us senate,1
3384,secret service,1
3385,antman,1
3386,ant man,1
3387,satanic temple,1
3388,george bush sr.,1
3389,bush sr.,1
3390,bush senior,1
3391,imposter,1
3392,joe biden's family,1
3393,joe biden’s family,1
3394,trash,1
3395,white trash,1
3396,crazy leftists,1
3397,black votes,1
3398,marco robio,1
3399,2022,1
3400,vladimir purin,1
3401,political communist,1
3402,national platfrom,1
3403,political columnists,1
3404,governorship,1
3405,state legislative seats,1
3406,the homeless,1
3407,independent voters,1
3408,ken bone,1
3409,new york city (nyc),1
3410,kylie jenner,1
3411,diploma,1
3412,laurel springs high school,1
3413,mental illness,1
3414,fred trump,1
3415,‎mary anne macleod,1
3416,green revolution,1
3417,democratic socialists,1
3418,capitalists,1
3419,gay pride commercial,1
3420,gay pride,1
3421,spongebob,1
3422,pluto,1
3423,praxeologist,1
3424,boxers,1
3425,briefs,1
3426,caitlyn jenner,1
3427,betty white,1
3428,death star,1
3429,rational libertarian,1
3430,pickles,1
3431,wizzards,1
3432,voldemort,1
3433,cia agent,1
3434,national productivity council (npc),1
3435,james weeks,1
3436,pampered chef party,1
3437,mikhail gorbachev,1
3438,mr. putin,1
3439,gorbachev,1
3440,mr. gorbachev,1
3441,stormy walters,1
3442,wall stree journal (wsj),1
3443,stormy waters,1
3444,pat quinn,1
3445,albama,1
3446,anti-abortion law,1
3447,reza aslan,1
3448,republican party of new mexico,1
3449,new mexico,1
3450,maths,1
3451,life,1
3452,voter supresion,1
3453,valdirmir putin,1
3454,john hospers,1
3455,ancaps,1
3456,spaulding,1
3457,donald trump campaign,1
3458,sunday morning futures,1
3459,hillary clinton campaign,1
3460,devin nunes,1
3461,house intelligence committee,1
3462,governmental restriction,1
3463,cronyism,1
3464,kimberly gardner,1
3465,couple,1
3466,blm,1
3467,blm rioter,1
3468,antifa rioter,1
3469,antifa rioters,1
3470,west virginia,1
3471,washington swamp,1
3472,prisons,1
3473,greed,1
3474,steve bannon,1
3475,paul manafort,1
3476,roger ailes,1
3477,kelly anne conway,1
3478,kelly ann conway,1
3479,roger stone,1
3480,grade school bully,1
3481,presidential elections,1
3482,blood stream,1
3483,poison,1
3484,bloodstream,1
3485,presidential debate meme,1
3486,tv party,1
3487,cnn politics,1
3488,keith elison,1
3489,deputy chair,1
3490,finger,1
3491,dnc,1
3492,monica lewinski,1
3493,nursing home,1
3494,jersey shores,1
3495,jersey shore,1
3496,jim jordan,1
3497,mueller down,1
3498,clerks,1
3499,hoods,1
3500,policemen,1
3501,clans,1
3502,mayors,1
3503,caucus results,1
3504,voter fraud,1
3505,bush,1
3506,paul,1
3507,mining industry,1
3508,wikipedia,1
3509,dave chappelle,1
3510,culture,1
3511,chairs,1
3512,whoopee cushions,1
3513,arnold schwarzenegger,1
3514,low tax,1
3515,lesbians,1
3516,postman,1
3517,news people,1
3518,georgia (ga),1
3519,pennsylvania (pa),1
3520,the dark knight,1
3521,chair,1
3522,rome,1
3523,border,1
3524,illegal invadors,1
3525,cook country,1
3526,micheal j kelly,1
3527,michael j kelly,1
3528,analysts,1
3529,american political landscape,1
3530,cadet,1
3531,news corpse,1
3532,indvnz match,1
3533,delhi election result,1
3534,delhi election,1
3535,india vs new zealand match,1
3536,libertarian eutopia,1
3537,libertarian utopia,1
3538,statist normies,1
3539,province,1
3540,libertarian party chairman candidate debate,1
3541,libertarian party candidate debate,1
3542,choice,1
3543,trans,1
3544,market,1
3545,patrick casey,1
3546,neo nazi group evropa,1
3547,jim acosta,1
3548,chief white house correspondent for cnn,1
3549,neo nazi,1
3550,port-a-potty,1
3551,john boehner,1
3552,paint chips,1
3553,grandpa munster,1
3554,wes goodman,1
3555,evangelical christians,1
3556,daniels,1
3557,stormy,1
3558,american public,1
3559,darkness,1
3560,lyndon b. johnson,1
3561,adam mckay,1
3562,us constitution,1
3563,sporting events,1
3564,indoring dining,1
3565,fdr,1
3566,2016 presidential election,1
3567,american city,1
3568,illegal alliens,1
3569,federal law,1
3570,plexiglass,1
3571,jo jorgensen 2020,1
3572,jo jorgenson,1
3573,election fraud,1
3574,austism,1
3575,steve harvey,1
3576,new gingrich,1
3577,rachel maddow,1
3578,bad boss,1
3579,piece of legislation,1
3580,sovereign being,1
3581,third party voters,1
3582,democractic party,1
3583,hungarian serbian border,1
3584,american labour,1
3585,non-aggression principles,1
3586,murder,1
3587,property rights,1
3588,republican party of iowa,1
3589,rover,1
3590,the onion,1
3591,polls,1
3592,transgender,1
3593,school shootings,1
3594,bathroom,1
3595,hunger,1
3596,blonde,1
3597,michigan voters,1
3598,june aiken,1
3599,jason daniel,1
3600,cory bernardi,1
3601,james bradley,1
3602,alice sawka,1
3603,william bradley,1
3604,robert brock,1
3605,cory bernadi,1
3606,donna brydges,1
3607,cleavland,1
3608,police force,1
3609,grassroots progressives,1
3610,wall cop,1
3611,us news,1
3612,lays,1
3613,time,1
3614,logos,1
3615,pancake syrup,1
3616,building names,1
3617,movies,1
3618,statues,1
3619,dumb and dumber,1
3620,drungs,1
3621,gangs,1
3622,dfl party,1
3623,minnesota dfl party,1
3624,thai,1
3625,corrupt,1
3626,neoliberal,1
3627,meme party,1
3628,celebrities,1
3629,timid men,1
3630,despotism,1
3631,dnald trump,1
3632,chels,1
3633,dublin,1
3634,smoothie,1
3635,ben and jerry's ice cream,1
3636,rifle,1
3637,christain,1
3638,pro-life,1
3639,heterosexual,1
3640,democratic national debate,1
3641,the grinch,1
3642,facebook post,1
3643,political facebook post,1
3644,khal drogo,1
3645,glasses,1
3646,presidential portrait,1
3647,aviators,1
3648,pig,1
3649,rich kids,1
3650,crack,1
3651,federal,1
3652,summer vacation,1
3653,brian,1
3654,the democrat party,1
3655,drug,1
3656,water park,1
3657,gerrymandering memes,1
3658,democratic district,1
3659,poster,1
3660,senior citizens,1
3661,medicare,1
3662,counting,1
3663,joe biden campaign,1
3664,biden campaign rally,1
3665,joe biden campaign rally,1
3666,arnold party,1
3667,anarchists,1
3668,social programs,1
3669,unions,1
3670,liberty party,1
3671,meme pages,1
3672,r/politics,1
3673,republican president,1
3674,republican presidents,1
3675,tom woods show,1
3676,the tomwoods show,1
3677,homeless,1
3678,food donation,1
3679,mayor michael bloomberg,1
3680,republican minorities,1
3681,martin luther king,1
3682,republican nominee,1
3683,corporate bosses,1
3684,elephant,1
3685,rudy giuliani,1
3686,liebrals,1
3687,national security agency (nsa),1
3688,selfies,1
3689,national security agency,1
3690,adolf hilter,1
3691,light bulb,1
3692,american flag,1
3693,thin blue line flag,1
3694,venus,1
3695,enrique peña nieto,1
3696,vatican,1
3697,economic right,1
3698,drake,1
3699,reagan's son,1
3700,colleague,1
3701,debate meme,1
3702,debate 2020,1
3703,jeff lindner,1
3704,person,1
3705,nsfw,1
3706,jim rohn,1
3707,liberal america,1
3708,republican family values,1
3709,hamilton,1
3710,knife fights,1
3711,index card,1
3712,libertarian party of arkansas,1
3713,arkansas,1
3714,presidential history,1
3715,president of the united states (potus),1
3716,puro pinchi party,1
3717,barack hussein obama,1
3718,eduardo rafael cruz,1
3719,solyndra,1
3720,spygate,1
3721,us election result,1
3722,andrew yang,1
3723,eclipse,1
3724,bulletproof sexual harassment defence,1
3725,black lives matter (blm) movement,1
3726,blacks for donald trump,1
3727,black cops,1
3728,blm movement,1
3729,black killed by cops,1
3730,fighter,1
3731,udy,1
3732,bloomberg,1
3733,green party energy policy,1
3734,2017 green party energy policy,1
3735,energy,1
3736,votes for donald trump,1
3737,intelligence team,1
3738,margaret thatcher,1
3739,borris johnson,1
3740,trump towers,1
3741,nasty women,1
3742,jack ass,1
3743,farm animal,1
3744,styrofoam,1
3745,nuclear terrorism,1
3746,donkey kong,1
3747,rich,1
3748,powerful people,1
3749,iain banks,1
3750,mail-in ballots,1
3751,susan sarandon,1
3752,tonie nathan,1
3753,1972,1
3754,lobotomies,1
3755,neocon,1
3756,patrick henry,1
3757,libertarian national socialist green party,1
3758,authoritarians,1
3759,george orwell,1
3760,revolutionaries,1
3761,the media,1
3762,huffpo,1
3763,yahoo news,1
3764,the washington post,1
3765,the new york times,1
3766,npr,1
3767,us presidential debate,1
3768,presidential cabinet,1
3769,autobiography,1
3770,donald trump fans,1
3771,stacy abrams,1
3772,programs,1
3773,sterotypical black man,1
3774,white woman,1
3775,rich white woman,1
3776,black man,1
3777,syrians,1
3778,daily wire news,1
3779,prisoner of war (pow),1
3780,pow,1
3781,emmanuel baptist church,1
3782,presidential memes,1
3783,kremlin,1
3784,repulican party,1
3785,jordan,1
3786,republic candidates,1
3787,whig party,1
3788,planned parenthood,1
3789,cecile richards,1
3790,avengers: endgame,1
3791,8 year old,1
3792,women's day,1
3793,treehouse,1
3794,non-american,1
3795,goerge w bush,1
3796,fbi mistakes,1
3797,chirs wallace,1
3798,american debate memes,1
3799,sasquatch,1
3800,meryl steep,1
3801,meryl streep,1
3802,lawrence jones,1
3803,abby martin,1
3804,anti-cops protest,1
3805,try tv,1
3806,corrupt cop,1
3807,regulation,1
3808,small bussinesses,1
3809,dwight eisenhower,1
3810,eisenhower,1
3811,michelle trump,1
3812,democrats in 1860,1
3813,social safety nets,1
3814,liebrtarian party,1
3815,socialsim,1
3816,democratic socialism,1
3817,russian ambassador,1
3818,nasal swab,1
3819,transvaginal utrasound,1
3820,westbrook,1
3821,libertarian party of connecticut convention,1
3822,connecticut,1
3823,gotham,1
3824,straight-identified,1
3825,white men,1
3826,cisgendered,1
3827,straight,1
3828,cis gender,1
3829,lgbtq+ people,1
3830,person of color (poc),1
3831,lgbt people,1
3832,deep state,1
3833,rothschilds,1
3834,soros,1
3835,cia,1
3836,hen party,1
3837,soldiers,1
3838,heaven,1
3839,bill maher,1
3840,cory booker,1
3841,democratic voters,1
3842,us voters,1
3843,mulims,1
3844,us navy seal,1
3845,andy borowitz,1
3846,goldman sachs,1
3847,canandian boy,1
3848,feminist,1
3849,1850,1
3850,crystal meth,1
3851,andy berovitz,1
3852,new york post,1
3853,dolphin,1
3854,oregon,1
3855,romantic comedy,1
3856,college students,1
3857,moscow,1
3858,jack nicholson,1
3859,religious organization,1
3860,pat robertson,1
3861,barry goldwater,1
3862,radical right,1
3863,ndtv,1
3864,gautam gambhir,1
3865,zombie,1
3866,idiots,1
3867,american fries,1
3868,french fries,1
3869,lbertarian party,1
3870,irish wristwatch,1
3871,libetarian party,1
3872,joe descartes,1
3873,rob cantrell,1
3874,los angeles,1
3875,bobby jindal,1
3876,nuclear enegry,1
3877,governemnt,1
3878,austerity,1
3879,theresa may,1
3880,jonathan bartley,1
3881,leornardo dicaprio,1
3882,public officers,1
3883,police officers,1
3884,brain surgeons,1
3885,victimless crime,1
3886,web browser,1
3887,music,1
3888,tab,1
3889,nation,1
3890,carly,1
3891,mike pence's fly,1
3892,2009,1
3893,canadian president,1
3894,galaxy dust,1
3895,black women,1
3896,republians,1
3897,barck obama,1
3898,white privilege,1
3899,police officer,1
3900,coyotes,1
3901,roadrunners,1
3902,decoy roadrunners,1
3903,pepperidge farm,1
3904,grammy award,1
3905,sheldon adelson,1
3906,koch brothers,1
3907,amy siskind,1
3908,chuck the doll,1
3909,midterms,1
3910,waukesha,1
3911,hunter biden fbi,1
3912,civil war vets,1
3913,king,1
3914,vehicle,1
3915,waters,1
3916,kimberly guifoyle,1
3917,kimberly guilfoyle,1
3918,civil asset forfeiture,1
3919,east tennessee libertarian party,1
3920,east tennessee,1
3921,presidential campaign,1
3922,meal,1
3923,young communist league,1
3924,blm graffitti,1
3925,olives,1
3926,pelicans,1
3927,stephen miller,1
3928,families,1
3929,new york times,1
3930,stephen miler,1
3931,us borders,1
3932,sarah,1
3933,conservative women,1
3934,trap card,1
3935,axe body spray,1
3936,cambridge,1
3937,immigration laws,1
3938,lawrence wilkerson,1
3939,col. lawrence wilkerson,1
3940,college professor,1
3941,tulsi,1
3942,tulsi gabbard,1
3943,bolivia,1
3944,judge jeannie pirro,1
3945,jeanine pirro,1
3946,california citizens,1
3947,assault weapon,1
3948,brigade members,1
3949,alaska state defence force,1
3950,black person,1
3951,ocsar,1
3952,minority of americans,1
3953,egyot,1
3954,algeria,1
3955,fathers day,1
3956,australia day,1
3957,christmas day,1
3958,tiffa,1
3959,aunt tiffa,1
3960,swiss,1
3961,ryan gosling,1
3962,voting plans,1
3963,latte,1
3964,marvin zindier,1
3965,marvin zindler,1
3966,garyjohnson,1
3967,jeffrey dahmer,1
3968,united states government,1
3969,rdt daily,1
3970,pornstar,1
3971,balloon,1
3972,pickle rick,1
3973,fascist,1
3974,libertarian party of georgia,1
3975,jets,1
3976,hacker,1
3977,edward snowden,1
3978,texas governor,1
3979,tax cheat,1
3980,traffic light party,1
3981,border wall,1
3982,welfare state,1
3983,maxine walters memes,1
3984,michigan governor,1
3985,gretchen whitmer,1
3986,individual,1
3987,libertarian porcupine,1
3988,group,1
3989,cola,1
3990,pakistan,1
3991,pepsi,1
3992,coke,1
3993,iq,1
3994,john f kennedy,1
3995,joe  biden,1
3996,condaleeza rice,1
3997,corporate party,1
3998,internal security,1
3999,moonlight bunny ranch brothel,1
4000,drink,1
4001,liebrtarian ideas,1
4002,lgbtq+,1
4003,libertarian party of new york,1
4004,stormy daniels,1
4005,montanna,1
4006,idaho,1
4007,voting booth,1
4008,turtle,1
4009,governor chris christie,1
4010,speaker newt gingrich,1
4011,governor scott walker,1
4012,mike huckabee,1
4013,dr. ben carson,1
4014,mike lee,1
4015,rick santorum,1
4016,scott walker,1
4017,governor rick perry,1
4018,senator ted cruz,1
4019,newt gingrich,1
4020,senator mike lee,1
4021,governor mike huckabee,1
4022,governor sarah palin,1
4023,senator rick santorum,1
4024,liverals,1
4025,educated people,1
4026,us army,1
4027,amy klobuchar,1
4028,democratic party 2020,1
4029,pete buttgieg,1
4030,french girls,1
4031,necklace,1
4032,teen,1
4033,nypd cop,1
4034,nypd cops,1
4035,nypo cop,1
4036,white evangelicals,1
4037,tea party,1
4038,latinos,1
4039,atheists,1
4040,jew,1
4041,tea party jesus,1
4042,government drone,1
4043,bald eagle,1
4044,eagle,1
4045,industry,1
4046,bush family,1
4047,american news,1
4048,repulicans,1
4049,aqua buddha,1
4050,statism,1
4051,mouse,1
4052,democratic presidential circus,1
4053,democratic presidential,1
4054,trump airlines,1
4055,trump mortgage,1
4056,trump marriage,1
4057,trump vodka,1
4058,trump casinos,1
4059,eric july,1
4060,jackie chan,1
4061,yru shoes,1
4062,shoes,1
4063,festivals,1
4064,raves,1
4065,beauty insider,1
4066,subpoena coladas,1
4067,weknowmemes,1
4068,general election,1
4069,primary election,1
4070,unborn children,1
4071,howie hawkins,1
4072,howil hawkins,1
4073,donald trump jr.,1
4074,assests,1
4075,abuse cases,1
4076,nylon,1
4077,restraining order,1
4078,shoot,1
4079,order,1
4080,labour party,1
4081,labour fan,1
4082,labor party,1
4083,audience,1
4084,reuters,1
4085,shakehand,1
4086,elbow bump,1
4087,nazism,1
4088,collectivism,1
4089,fascis,1
4090,facism,1
4091,superman,1
4092,2014,1
4093,ohio libertarian party,1
4094,the moderator,1
4095,judge of elections,1
4096,allentown,1
4097,erika bickford,1
4098,"everett ""erika"" bickford",1
4099,everett bickford,1
4100,2016 election,1
4101,tupperware,1
4102,spaghetti,1
4103,libertarian base,1
4104,right wing extremists,1
4105,carol wirth,1
4106,people dying,1
4107,russian liberal democratic party,1
4108,vladimir zhirinovsky,1
4109,stephen colbert,1
4110,indian girls,1
4111,indian girl,1
4112,partisan,1
4113,beuaty and the beast,1
4114,castle,1
4115,beauty and the beast,1
4116,mixtape,1
4117,independence day,1
4118,turvey,1
4119,republican national convention (rnc),1
4120,republic national committee (rnc) convention,1
4121,rnc convention,1
4122,democratic national committee (dnc) convention,1
4123,genders,1
4124,coca-cola,1
4125,rschooley,1
4126,words,1
4127,the white house,1
4128,presidential year,1
4129,shampoo,1
4130,13 year old girls,1
4131,subway,1
4132,quarters,1
4133,huge corporations,1
4134,environmentalism,1
4135,ecologic,1
4136,cadillac ad,1
4137,cadillac,1
4138,blue cadillac ad,1
4139,gary jhonson,1
4140,scranton,1
4141,dog house,1
4142,icecream,1
4143,pancakes,1
4144,canoe,1
4145,doghouse,1
4146,bones,1
4147,wheel,1
4148,orange president,1
4149,pillow,1
4150,healthcare reform committee,1
4151,1993,1
4152,chuck e cheese,1
4153,ball pit,1
4154,chuck-e-cheese,1
4155,isolatiionist,1
4156,nixon,1
4157,password,1
4158,young metro,1
4159,alec corporation,1
4160,koch and mercer,1
4161,american fascist party,1
4162,general barr,1
4163,attorney general barr,1
4164,mueller's report,1
4165,potato chips,1
4166,party system,1
4167,jagmeet singh,1
4168,prime minister (pm),1
4169,jagmeet,1
4170,pbs news,1
4171,text,1
4172,bipartisan moment,1
4173,coutler,1
4174,naral,1
4175,liberal colleges,1
4176,democratic memes,1
4177,bath salts,1
4178,election result,1
4179,intolerence,1
4180,opinion,1
4181,hate,1
4182,coloring books,1
4183,regulations,1
4184,harambe gorilla,1
4185,gorilla,1
4186,drew thompson,1
4187,catherine (cat) ping,1
4188,harambe,1
4189,hambre,1
4190,white mother,1
4191,prince harry,1
4192,megan markle,1
4193,price harry,1
4194,meghan markle,1
4195,jeb bush supporters,1
4196,gop debte,1
4197,joe biden meme,1
4198,end game,1
4199,joesph curl,1
4200,libertarian party candidates,1
4201,tom  steyer,1
4202,donald trump family,1
4203,code,1
4204,rowan stokvis,1
4205,pod member,1
4206,conservatism,1
4207,liberty memes,1
4208,zuck,1
4209,liberty meme,1
4210,test,1
4211,republican party executive meeting,1
4212,naked guy,1
4213,libertarian vp,1
4214,mam,1
4215,pond,1
4216,goose,1
4217,bush presidencies,1
4218,candyshack movies,1
4219,david letterman,1
4220,caddyshack,1
4221,garbage can,1
4222,stand up comic,1
4223,mic,1
4224,paris climate agreement,1
4225,established democrats,1
4226,the democratic party,1
4227,1956,1
4228,despacito,1
4229,sanctuary city,1
4230,lib news,1
4231,liberal policies,1
4232,alien invasion,1
4233,dem taxes,1
4234,american citizen taxpayers,1
4235,donald trump voter,1
4236,ron reagan,1
4237,ron regan,1
4238,lobster,1
4239,lobsters,1
4240,people who care about skin colour,1
4241,people who do not care about skin colour,1
4242,skin color,1
4243,middle eastern,1
4244,headquarters,1
4245,david cameron,1
4246,liberal media,1
4247,grocery shelves,1
4248,senator orrin hatch,1
4249,orrin hatch,1
4250,clint eastwood,1
4251,shit,1
4252,armed vetran,1
4253,armed veteran,1
4254,dem socialists,1
4255,corporates,1
4256,bankrupt,1
4257,prism,1
4258,dome,1
4259,black lives,1
4260,regina george,1
4261,demorcatic debate,1
4262,two party vote,1
4263,two parties,1
4264,group chat,1
4265,patient,1
4266,the greens,1
4267,cheeseball,1
4268,snickers,1
4269,monsato workers,1
4270,monsanto worker,1
4271,monsanto workers,1
4272,clay county,1
4273,dress,1
4274,peaceful protestors,1
4275,election votes,1
4276,supporters of joe biden,1
4277,alzheimers,1
4278,interns,1
4279,john mcafee,1
4280,punk band,1
4281,jil biden,1
4282,val biden,1
4283,presidential race,1
4284,boe baden,1
4285,obiden bama,1
4286,white supremacy,1
4287,tom woods,1
4288,jason stapleton,1
4289,dave smith,1
4290,2020-11-01 00:00:00,1
4291,franklin d. roosevelt (fdr),1
4292,spiders,1
4293,maureen dowd,1
4294,american democrats,1
4295,american democrat,1
4296,working class,1
4297,united working class,1
4298,clock,1
4299,wallet,1
4300,nigeria,1
4301,dr evil,1
4302,wage,1
4303,oarack bobama,1
4304,walter mondale,1
4305,john kerry,1
4306,british people,1
4307,indiana republican party,1
4308,john hawkins,1
4309,senator,1
4310,senator cruz,1
4311,candian,1
4312,white supremacist,1
4313,cuban,1
4314,paper,1
4315,scissors,1
4316,american president,1
4317,carolina lucas,1
4318,mark steel,1
4319,comedian,1
4320,kyle pierce,1
4321,dirty politics,1
4322,tim schaffer,1
4323,kryssi,1
4324,state representative,1
4325,tim schatler,1
4326,kryssie,1
4327,minister,1
4328,ross ulbricht,1
4329,silk road website,1
4330,trial,1
4331,victim,1
4332,ministers,1
4333,donald trump voters,1
4334,trump voters,1
4335,unc student body president,1
4336,blue collar,1
4337,tuition,1
4338,dinseh d'souza,1
4339,dinesh d' souza,1
4340,judge,1
4341,automobiles,1
4342,automobile,1
4343,planes,1
4344,trains,1
4345,government dependency,1
4346,sarah paulin,1
4347,covfefe,1
4348,politicial campaign,1
4349,safety,1
4350,wizzard,1
4351,poltical meme,1
4352,rural transportation system,1
4353,transport system,1
4354,republican politicians,1
4355,republican politican,1
4356,religious extremists,1
4357,racists,1
4358,bigot,1
4359,religious extremist,1
4360,affordable care act,1
4361,2nd amendment,1
4362,bieber,1
4363,tories,1
4364,lib dems,1
4365,tactical voting,1
4366,ivy,1
4367,amendment,1
4368,minority,1
4369,hispanics,1
4370,ripon,1
4371,philisopher,1
4372,charles fourier,1
4373,alvan bovay,1
4374,antifa,1
4375,diners,1
4376,ruby tuesday,1
4377,decent person,1
4378,bad people,1
4379,chariton heston,1
4380,charlton heston,1
4381,chartton heston,1
4382,bill,1
4383,technology,1
4384,confederacy,1
4385,bff,1
4386,j.b. pritzer,1
4387,j. b. pritzer,1
4388,black lives matter (blm) protest,1
4389,trump rally,1
4390,blm protesting,1
4391,black lives matter (blm) protesting,1
4392,donald trump rally,1
4393,senate floor,1
4394,biden obama meme,1
