Index,Image,OriginalEntity,PartialMatch
24,memes_8274.png,donald trump,donald trump
25,memes_8157.png,donald trump,donald trump
38,memes_2743.png,donald trump,donald trump
66,memes_8231.png,donald trump,donald trump
77,memes_8191.png,donald trump,donald trump
81,memes_8079.png,donald trump,donald trump
84,memes_8190.png,donald trump,donald trump
91,memes_4708.png,donald trump,donald trump
127,memes_8175.png,donald trump,donald trump
132,memes_5988.png,donald trump,donald trump
134,memes_4534.png,donald trump,donald trump
137,memes_8077.png,donald trump,donald trump
142,memes_8040.png,donald trump,donald trump
145,memes_1137.png,donald trump,donald trump
148,memes_8249.png,donald trump,donald trump
153,memes_362.png,donald trump,donald trump
173,memes_8177.png,donald trump,donald trump
185,memes_8139.png,donald trump,donald trump
191,memes_4852.png,donald trump,donald trump
209,memes_4728.png,donald trump,donald trump
226,memes_221.png,donald trump,donald trump
240,memes_2887.png,donald trump,donald trump
248,memes_258.png,donald trump,donald trump
255,memes_8134.png,donald trump,donald trump
261,memes_8115.png,donald trump,donald trump
268,memes_1131.png,donald trump,donald trump
271,memes_4516.png,donald trump,donald trump
279,memes_5847.png,donald trump,donald trump
326,memes_8211.png,donald trump,donald trump
330,memes_8163.png,donald trump,donald trump
333,memes_8121.png,donald trump,donald trump
348,memes_314.png,donald trump,donald trump
354,memes_5972.png,donald trump,donald trump
368,memes_8286.png,donald trump,donald trump
382,memes_8050.png,donald trump,donald trump
384,memes_8110.png,donald trump,donald trump
408,memes_4500.png,donald trump,donald trump
412,memes_318.png,donald trump,donald trump
417,memes_8161.png,donald trump,donald trump
426,memes_5103.png,donald trump,donald trump
428,memes_8038.png,donald trump,donald trump
431,memes_4420.png,donald trump,donald trump
450,memes_4416.png,donald trump,donald trump
457,memes_4499.png,donald trump,donald trump
460,memes_8158.png,donald trump,donald trump
480,memes_8223.png,donald trump,donald trump
533,memes_2265.png,donald trump,donald trump
537,memes_8109.png,donald trump,donald trump
559,memes_3309.png,donald trump,donald trump
572,memes_8154.png,donald trump,donald trump
584,memes_8041.png,donald trump,donald trump
585,memes_8127.png,donald trump,donald trump
599,memes_8065.png,donald trump,donald trump
600,memes_5954.png,donald trump,donald trump
611,memes_6794.png,donald trump,donald trump
622,memes_8171.png,donald trump,donald trump
634,memes_8138.png,donald trump,donald trump
637,memes_8051.png,donald trump,donald trump
642,memes_8073.png,donald trump,donald trump
653,memes_8173.png,donald trump,donald trump
668,memes_125.png,donald trump,donald trump
670,memes_1596.png,donald trump,donald trump
674,memes_4218.png,donald trump,donald trump
680,memes_4238.png,donald trump,donald trump
767,memes_5970.png,donald trump,donald trump
768,memes_8106.png,donald trump,donald trump
773,memes_8101.png,donald trump,donald trump
823,memes_5706.png,donald trump,donald trump
850,memes_8263.png,donald trump,donald trump
857,memes_8136.png,donald trump,donald trump
891,memes_1453.png,donald trump,donald trump
892,memes_4613.png,donald trump,donald trump
918,memes_1273.png,donald trump,donald trump
920,memes_8287.png,donald trump,donald trump
923,memes_4278.png,donald trump,donald trump
952,memes_4509.png,donald trump,donald trump
961,memes_4801.png,donald trump,donald trump
971,memes_8275.png,donald trump,donald trump
974,memes_4676.png,donald trump,donald trump
979,memes_4281.png,donald trump,donald trump
986,memes_6643.png,donald trump,donald trump
1007,memes_4300.png,donald trump,donald trump
1014,memes_8241.png,donald trump,donald trump
1016,memes_8156.png,donald trump,donald trump
1026,memes_8201.png,donald trump,donald trump
1035,memes_4733.png,donald trump,donald trump
1045,memes_8222.png,donald trump,donald trump
1055,memes_8250.png,donald trump,donald trump
1059,memes_8058.png,donald trump,donald trump
1066,memes_4568.png,donald trump,donald trump
1071,memes_948.png,donald trump,donald trump
1072,memes_2099.png,donald trump,donald trump
1091,memes_4646.png,donald trump,donald trump
1103,memes_8148.png,donald trump,donald trump
1107,memes_5758.png,donald trump,donald trump
1135,memes_4986.png,donald trump,donald trump
1139,memes_4621.png,donald trump,donald trump
1192,memes_4855.png,donald trump,donald trump
1230,memes_1229.png,donald trump,donald trump
1241,memes_2176.png,donald trump,donald trump
1243,memes_1474.png,donald trump,donald trump
1255,memes_1655.png,donald trump,donald trump
1259,memes_1194.png,donald trump,donald trump
1269,memes_1706.png,donald trump,donald trump
1284,memes_8144.png,donald trump,donald trump
1286,memes_4798.png,donald trump,donald trump
1288,memes_6886.png,donald trump,donald trump
1295,memes_4815.png,donald trump,donald trump
1304,memes_225.png,donald trump,donald trump
1325,memes_6717.png,donald trump,donald trump
1330,memes_4452.png,donald trump,donald trump
1341,memes_6317.png,donald trump,donald trump
1349,memes_4511.png,donald trump,donald trump
1355,memes_6702.png,donald trump,donald trump
1368,memes_5035.png,donald trump,donald trump
1373,memes_8096.png,donald trump,donald trump
1393,memes_1698.png,donald trump,donald trump
1400,memes_1221.png,donald trump,donald trump
1409,memes_4753.png,donald trump,donald trump
1441,memes_1752.png,donald trump,donald trump
1444,memes_4819.png,donald trump,donald trump
1451,memes_4988.png,donald trump,donald trump
1468,memes_8105.png,donald trump,donald trump
1471,memes_6030.png,donald trump,donald trump
1479,memes_6187.png,donald trump,donald trump
1499,memes_4559.png,donald trump,donald trump
1506,memes_4394.png,donald trump,donald trump
1522,memes_4764.png,donald trump,donald trump
1527,memes_6119.png,donald trump,donald trump
1535,memes_8162.png,donald trump,donald trump
1547,memes_2112.png,donald trump,donald trump
1565,memes_329.png,donald trump,donald trump
1570,memes_1419.png,donald trump,donald trump
1574,memes_8265.png,donald trump,donald trump
1590,memes_1260.png,donald trump,donald trump
1613,memes_4411.png,donald trump,donald trump
1631,memes_280.png,donald trump,donald trump
1635,memes_8188.png,donald trump,donald trump
1636,memes_6211.png,donald trump,donald trump
1640,memes_8268.png,donald trump,donald trump
1650,memes_1119.png,donald trump,donald trump
1654,memes_1740.png,donald trump,donald trump
1658,memes_8207.png,donald trump,donald trump
1659,memes_8259.png,donald trump,donald trump
1664,memes_4359.png,donald trump,donald trump
1691,memes_8168.png,donald trump,donald trump
1708,memes_1599.png,donald trump,donald trump
1709,memes_5101.png,donald trump,donald trump
1716,memes_8192.png,donald trump,donald trump
1718,memes_4565.png,donald trump,donald trump
1725,memes_1381.png,donald trump,donald trump
1727,memes_6848.png,donald trump,donald trump
1739,memes_6278.png,donald trump,donald trump
1787,memes_1781.png,donald trump,donald trump
1789,memes_6060.png,donald trump,donald trump
1829,memes_5699.png,donald trump,donald trump
1832,memes_3363.png,donald trump,donald trump
1850,memes_4605.png,donald trump,donald trump
1865,memes_4727.png,donald trump,donald trump
1872,memes_8232.png,donald trump,donald trump
1878,memes_2185.png,donald trump,donald trump
1892,memes_4450.png,donald trump,donald trump
1898,memes_1721.png,donald trump,donald trump
1901,memes_1300.png,donald trump,donald trump
1906,memes_4756.png,donald trump,donald trump
1925,memes_1580.png,donald trump,donald trump
1933,memes_8112.png,donald trump,donald trump
1939,memes_175.png,donald trump,donald trump
1957,memes_8090.png,donald trump,donald trump
1965,memes_4710.png,donald trump,donald trump
1969,memes_8061.png,donald trump,donald trump
1973,memes_5879.png,donald trump,donald trump
2014,memes_8043.png,donald trump,donald trump
2021,memes_45.png,donald trump,donald trump
2035,memes_4526.png,donald trump,donald trump
2046,memes_6081.png,donald trump,donald trump
2061,memes_4489.png,donald trump,donald trump
2070,memes_6840.png,donald trump,donald trump
2088,memes_8266.png,donald trump,donald trump
2094,memes_4519.png,donald trump,donald trump
2119,memes_4804.png,donald trump,donald trump
2131,memes_6459.png,donald trump,donald trump
2202,memes_4435.png,donald trump,donald trump
2206,memes_6837.png,donald trump,donald trump
2217,memes_2169.png,donald trump,donald trump
2228,memes_962.png,donald trump,donald trump
2236,memes_8111.png,donald trump,donald trump
2244,memes_5165.png,donald trump,donald trump
2256,memes_5142.png,donald trump,donald trump
2264,memes_4897.png,donald trump,donald trump
2267,memes_4552.png,donald trump,donald trump
2270,memes_6832.png,donald trump,donald trump
2284,memes_4857.png,donald trump,donald trump
2305,memes_8102.png,donald trump,donald trump
2315,memes_3683.png,donald trump,donald trump
2322,memes_1088.png,donald trump,donald trump
2327,memes_5040.png,donald trump,donald trump
2353,memes_8196.png,donald trump,donald trump
2354,memes_5005.png,donald trump,donald trump
2382,memes_4257.png,donald trump,donald trump
2389,memes_5008.png,donald trump,donald trump
2439,memes_5677.png,donald trump,donald trump
2443,memes_822.png,donald trump,donald trump
2445,memes_4360.png,donald trump,donald trump
2466,memes_8129.png,donald trump,donald trump
2468,memes_2865.png,donald trump,donald trump
2508,memes_8257.png,donald trump,donald trump
2516,memes_6257.png,donald trump,donald trump
2556,memes_1746.png,donald trump,donald trump
2565,memes_1579.png,donald trump,donald trump
2568,memes_1711.png,donald trump,donald trump
2583,memes_8285.png,donald trump,donald trump
2586,memes_2777.png,donald trump,donald trump
2587,memes_5118.png,donald trump,donald trump
2600,memes_2888.png,donald trump,donald trump
2617,memes_6823.png,donald trump,donald trump
2620,memes_8166.png,donald trump,donald trump
2668,memes_8289.png,donald trump,donald trump
2689,memes_8213.png,donald trump,donald trump
2709,memes_4530.png,donald trump,donald trump
2720,memes_8197.png,donald trump,donald trump
2737,memes_8245.png,donald trump,donald trump
2781,memes_4239.png,donald trump,donald trump
2794,memes_1253.png,donald trump,donald trump
2803,memes_8261.png,donald trump,donald trump
2805,memes_1642.png,donald trump,donald trump
2815,memes_5081.png,donald trump,donald trump
2826,memes_5036.png,donald trump,donald trump
2914,covid_memes_791.png,donald trump,donald trump
2937,covid_memes_1504.png,donald trump,donald trump
2964,covid_memes_419.png,donald trump,donald trump
2987,covid_memes_2394.png,donald trump,donald trump
2992,covid_memes_2527.png,donald trump,donald trump
3017,covid_memes_192.png,donald trump,donald trump
3018,covid_memes_198.png,donald trump,donald trump
3042,covid_memes_112.png,donald trump,donald trump
3075,covid_memes_151.png,donald trump,donald trump
3077,covid_memes_152.png,donald trump,donald trump
3078,covid_memes_153.png,donald trump,donald trump
3090,covid_memes_246.png,donald trump,donald trump
3167,covid_memes_218.png,donald trump,donald trump
3170,covid_memes_220.png,donald trump,donald trump
3202,covid_memes_275.png,donald trump,donald trump
3211,covid_memes_332.png,donald trump,donald trump
3215,covid_memes_303.png,donald trump,donald trump
3267,covid_memes_378.png,donald trump,donald trump
3328,covid_memes_509.png,donald trump,donald trump
3336,covid_memes_575.png,donald trump,donald trump
3339,covid_memes_552.png,donald trump,donald trump
3350,covid_memes_579.png,donald trump,donald trump
3357,covid_memes_595.png,donald trump,donald trump
3664,covid_memes_2245.png,donald trump,donald trump
3672,covid_memes_1490.png,donald trump,donald trump
3675,covid_memes_2288.png,donald trump,donald trump
3685,covid_memes_2435.png,donald trump,donald trump
3745,covid_memes_1985.png,donald trump,donald trump
3756,covid_memes_2538.png,donald trump,donald trump
3759,covid_memes_2553.png,donald trump,donald trump
3763,covid_memes_2564.png,donald trump,donald trump
3862,covid_memes_2160.png,donald trump,donald trump
3864,covid_memes_2164.png,donald trump,donald trump
3891,covid_memes_3334.png,donald trump,donald trump
3892,covid_memes_2175.png,donald trump,donald trump
3921,covid_memes_2208.png,donald trump,donald trump
3922,covid_memes_2212.png,donald trump,donald trump
3931,covid_memes_2229.png,donald trump,donald trump
3935,covid_memes_2230.png,donald trump,donald trump
3938,covid_memes_2232.png,donald trump,donald trump
3954,covid_memes_2253.png,donald trump,donald tump
3971,covid_memes_2268.png,donald trump,donald trump
3996,covid_memes_2282.png,donald trump,donald trump
4006,covid_memes_2289.png,donald trump,donald trump
4050,covid_memes_2315.png,donald trump,donald trump
4057,covid_memes_2318.png,donald trump,donald trump
4063,covid_memes_2320.png,donald trump,donald trump
4066,covid_memes_2322.png,donald trump,donald trump
4074,covid_memes_1983.png,donald trump,donald trump
4084,covid_memes_2332.png,donald trump,donald trump
4089,covid_memes_2336.png,donald trump,donald trump
4101,covid_memes_2344.png,donald trump,donald trump
4102,covid_memes_2346.png,donald trump,donald trump
4107,covid_memes_2350.png,donald trump,donald trump
4110,covid_memes_2371.png,donald trump,donald trump
4133,covid_memes_2390.png,donald trump,donald trump
4149,covid_memes_2417.png,donald trump,donald trump
4152,covid_memes_2423.png,donald trump,donald trump
4176,covid_memes_2150.png,donald trump,donald trump
4177,covid_memes_2151.png,donald trump,donald trump
4180,covid_memes_2474.png,donald trump,donald trump
4192,covid_memes_2478.png,donald trump,donald trump
4205,covid_memes_2377.png,donald trump,donald trump
4212,covid_memes_2487.png,donald trump,donald trump
4223,covid_memes_2494.png,donald trump,donald trump
4228,covid_memes_2499.png,donald trump,donald trump
4237,covid_memes_2506.png,donald trump,donald trump
4239,covid_memes_2570.png,donald trump,donald trump
4242,covid_memes_2509.png,donald trump,donald trump
4261,covid_memes_2528.png,donald trump,donald trump
4277,covid_memes_2542.png,donald trump,donald trump
4289,covid_memes_2551.png,donald trump,donald trump
4292,covid_memes_2554.png,donald trump,donald trump
4305,covid_memes_2561.png,donald trump,donald trump
4306,covid_memes_2562.png,donald trump,donald trump
4332,covid_memes_2587.png,donald trump,donald trump
4340,covid_memes_2591.png,donald trump,donald trump
4645,covid_memes_14.png,donald trump,donald trump
4680,covid_memes_3653.png,donald trump,donald trump
4728,covid_memes_3851.png,donald trump,donald trump
4806,covid_memes_4357.png,donald trump,donald trump
4818,covid_memes_4516.png,donald trump,donald trump
5038,covid_memes_3925.png,donald trump,donald trump
5278,covid_memes_4485.png,donald trump,donald trump
65,memes_2857.png,joe biden,joe biden
85,memes_1073.png,joe biden,joe biden
93,memes_2625.png,joe biden,joe biden
117,memes_6649.png,joe biden,joe biden
122,memes_6544.png,joe biden,joe biden
129,memes_6540.png,joe biden,joe biden
154,memes_4237.png,joe biden,joe biden
187,memes_6716.png,joe biden,joe biden
190,memes_2644.png,joe biden,joe biden
192,memes_6684.png,joe biden,joe biden
195,memes_6741.png,joe biden,joe biden
213,memes_6710.png,joe biden,joe biden
214,memes_2620.png,joe biden,joe biden
225,memes_6748.png,joe biden,joe biden
237,memes_2614.png,joe biden,joe biden
243,memes_6761.png,joe biden,joe biden
260,memes_4232.png,joe biden,joe biden
297,memes_6565.png,joe biden,joe biden
344,memes_2787.png,joe biden,joe biden
355,memes_6594.png,joe biden,joe biden
381,memes_257.png,joe biden,joe biden
383,memes_31.png,joe biden,joe biden
385,memes_6659.png,joe biden,joe biden
427,memes_6757.png,joe biden,joe biden
433,memes_6904.png,joe biden,joe biden
448,memes_907.png,joe biden,joe biden
468,memes_1347.png,joe biden,joe biden
479,memes_4512.png,joe biden,joe biden
491,memes_2781.png,joe biden,joe biden
527,memes_828.png,joe biden,joe biden
530,memes_4399.png,joe biden,joe biden
553,memes_6343.png,joe biden,joe biden
561,memes_6602.png,joe biden,joe biden
565,memes_2835.png,joe biden,joe biden
569,memes_5998.png,joe biden,joe biden
576,memes_20.png,joe biden,joe biden
618,memes_2797.png,joe biden,joe biden
654,memes_2607.png,joe biden,joe biden
694,memes_6663.png,joe biden,joe biden
702,memes_6912.png,joe biden,joe biden
716,memes_6315.png,joe biden,joe biden
735,memes_6708.png,joe biden,joe biden
740,memes_2761.png,joe biden,joe biden
749,memes_6693.png,joe biden,joe biden
751,memes_4256.png,joe biden,joe biden
881,memes_6341.png,joe biden,joe biden
895,memes_2768.png,joe biden,joe biden
909,memes_2727.png,joe biden,joe biden
935,memes_4480.png,joe biden,joe biden
936,memes_6521.png,joe biden,joe biden
958,memes_6583.png,joe biden,joe biden
984,memes_2803.png,joe biden,joe biden
989,memes_917.png,joe biden,joe biden
996,memes_1623.png,joe biden,joe biden
1025,memes_6762.png,joe biden,joe biden
1029,memes_6342.png,joe biden,joe biden
1053,memes_2650.png,joe biden,joe biden
1083,memes_1392.png,joe biden,joe biden
1095,memes_6901.png,joe biden,joe biden
1133,memes_6657.png,joe biden,joe biden
1174,memes_4245.png,joe biden,joe biden
1196,memes_6882.png,joe biden,joe biden
1212,memes_2712.png,joe biden,joe biden
1221,memes_1626.png,joe biden,joe biden
1235,memes_6735.png,joe biden,joe biden
1313,memes_6707.png,joe biden,joe biden
1356,memes_6905.png,joe biden,joe biden
1359,memes_1375.png,joe biden,joe biden
1362,memes_1343.png,joe biden,joe biden
1388,memes_6348.png,joe biden,joe biden
1412,memes_6902.png,joe biden,joe biden
1422,memes_2755.png,joe biden,joe biden
1438,memes_1448.png,joe biden,joe biden
1456,memes_6891.png,joe biden,joe biden
1463,memes_2731.png,joe biden,joe biden
1470,memes_6569.png,joe biden,joe biden
1477,memes_6573.png,joe biden,joe biden
1491,memes_6728.png,joe biden,joe biden
1500,memes_6903.png,joe biden,joe biden
1516,memes_6884.png,joe biden,joe biden
1525,memes_4272.png,joe biden,joe biden
1550,memes_6666.png,joe biden,joe biden
1578,memes_2785.png,joe biden,joe biden
1588,memes_2698.png,joe biden,joe biden
1619,memes_6567.png,joe biden,joe biden
1620,memes_837.png,joe biden,joe biden
1644,memes_4285.png,joe biden,joe biden
1649,memes_4398.png,joe biden,joe biden
1675,memes_4462.png,joe biden,joe biden
1688,memes_6636.png,joe biden,joe biden
1754,memes_6740.png,joe biden,joe biden
1799,memes_1415.png,joe biden,joe biden
1825,memes_2660.png,joe biden,joe biden
1853,memes_6609.png,joe biden,joe biden
1855,memes_4241.png,joe biden,joe biden
1873,memes_4869.png,joe biden,joe biden
1918,memes_6631.png,joe biden,joe biden
1932,memes_4251.png,joe biden,joe biden
1955,memes_4417.png,joe biden,joe biden
1987,memes_2837.png,joe biden,joe biden
2022,memes_126.png,joe biden,joe biden
2062,memes_6584.png,joe biden,joe biden
2085,memes_6703.png,joe biden,joe biden
2098,memes_2632.png,joe biden,joe biden
2138,memes_6686.png,joe biden,joe biden
2187,memes_2623.png,joe biden,joe biden
2247,memes_266.png,joe biden,joe biden
2249,memes_2685.png,joe biden,joe biden
2280,memes_1588.png,joe biden,joe biden
2282,memes_6574.png,joe biden,joe biden
2319,memes_4307.png,joe biden,joe biden
2326,memes_6753.png,joe biden,joe biden
2341,memes_882.png,joe biden,joe biden
2361,memes_2631.png,joe biden,joe biden
2390,memes_6645.png,joe biden,joe biden
2394,memes_4410.png,joe biden,joe biden
2395,memes_6578.png,joe biden,joe biden
2416,memes_6566.png,joe biden,joe biden
2427,memes_6772.png,joe biden,joe biden
2432,memes_6733.png,joe biden,joe biden
2484,memes_6667.png,joe biden,joe biden
2492,memes_5922.png,joe biden,joe biden
2507,memes_6606.png,joe biden,joe biden
2585,memes_2701.png,joe biden,joe biden
2590,memes_4460.png,joe biden,joe biden
2591,memes_6627.png,joe biden,joe biden
2605,memes_6571.png,joe biden,joe biden
2631,memes_1514.png,joe biden,joe biden
2644,memes_2707.png,joe biden,joe biden
2676,memes_6647.png,joe biden,joe biden
2686,memes_1083.png,joe biden,joe biden
2735,memes_6013.png,joe biden,joe biden
2745,memes_2615.png,joe biden,joe biden
2753,memes_2688.png,joe biden,joe biden
2769,memes_2610.png,joe biden,joe biden
2839,memes_933.png,joe biden,joe biden
2844,memes_1066.png,joe biden,joe biden
2848,memes_2635.png,joe biden,joe biden
2916,covid_memes_795.png,joe biden,joe biden
3146,covid_memes_799.png,joe biden,joe biden
3458,covid_memes_1032.png,joe biden,joe biden
3715,covid_memes_1869.png,joe biden,joe biden
3915,covid_memes_2200.png,joe biden,joe biden
4020,covid_memes_2297.png,joe biden,joe biden
4124,covid_memes_2382.png,joe biden,joe biden
4147,covid_memes_2412.png,joe biden,joe biden
4156,covid_memes_2434.png,joe biden,joe biden
4245,covid_memes_2515.png,joe biden,joe biden
4312,covid_memes_2572.png,joe biden,joe biden
4333,covid_memes_2588.png,joe biden,joe biden
4360,covid_memes_2596.png,joe biden,joe biden
4707,covid_memes_3146.png,joe biden,joe biden
3,memes_2884.png,barack obama,barack obama
8,memes_2649.png,barack obama,barack obama
10,memes_6603.png,barack obama,barack obama
19,memes_841.png,barack obama,barack obama
36,memes_6549.png,barack obama,barack obama
39,memes_255.png,barack obama,barack obama
50,memes_2711.png,barack obama,barack obama
56,memes_2784.png,barack obama,barack obama
57,memes_3348.png,barack obama,barack obama
76,memes_6534.png,barack obama,barack obama
100,memes_946.png,barack obama,barack obama
110,memes_2710.png,barack obama,barack obama
133,memes_1115.png,barack obama,barack obama
144,memes_2886.png,barack obama,barack obama
186,memes_2820.png,barack obama,barack obama
219,memes_1031.png,barack obama,barack obama
228,memes_819.png,barack obama,barack obama
265,memes_5961.png,barack obama,barack obama
288,memes_2773.png,barack obama,barack obama
300,memes_6556.png,barack obama,barack obama
301,memes_260.png,barack obama,barack obama
316,memes_23.png,barack obama,barack obama
343,memes_6701.png,barack obama,barack obama
349,memes_2733.png,barack obama,barack obama
362,memes_844.png,barack obama,barack obama
402,memes_6551.png,barack obama,barack obama
407,memes_2772.png,barack obama,barack obama
411,memes_1067.png,barack obama,barack obama
420,memes_6759.png,barack obama,barack obama
444,memes_2608.png,barack obama,barack obama
446,memes_95.png,barack obama,barack obama
476,memes_6522.png,barack obama,barack obama
486,memes_5987.png,barack obama,barack obama
504,memes_6555.png,barack obama,barack obama
511,memes_891.png,barack obama,barack obama
522,memes_826.png,barack obama,barack obama
523,memes_1094.png,barack obama,barack obama
528,memes_40.png,barack obama,barack obama
535,memes_2873.png,barack obama,barack obama
547,memes_2871.png,barack obama,barack obama
614,memes_1124.png,barack obama,barack obama
650,memes_138.png,barack obama,barack obama
679,memes_1077.png,barack obama,barack obama
720,memes_6698.png,barack obama,barack obama
722,memes_865.png,barack obama,barack obama
750,memes_5135.png,barack obama,barack obama
758,memes_967.png,barack obama,barack obama
761,memes_2875.png,barack obama,barack obama
765,memes_848.png,barack obama,barack obama
798,memes_6640.png,barack obama,barack obama
808,memes_2816.png,barack obama,barack obama
810,memes_3711.png,barack obama,barack obama
815,memes_2636.png,barack obama,barack obama
831,memes_22.png,barack obama,barack obama
888,memes_2845.png,barack obama,barack obama
908,memes_2659.png,barack obama,barack obama
956,memes_1010.png,barack obama,barack obama
962,memes_206.png,barack obama,barack obama
977,memes_1048.png,barack obama,barack obama
991,memes_926.png,barack obama,barack obama
1039,memes_4493.png,barack obama,barack obama
1087,memes_1064.png,barack obama,barack obama
1110,memes_1070.png,barack obama,barack obama
1131,memes_2683.png,barack obama,barack obama
1142,memes_1049.png,barack obama,barack obama
1150,memes_954.png,barack obama,barack obama
1159,memes_840.png,barack obama,barack obama
1160,memes_1097.png,barack obama,barack obama
1168,memes_5110.png,barack obama,barack obama
1175,memes_1063.png,barack obama,barack obama
1203,memes_2745.png,barack obama,barack obama
1225,memes_2638.png,barack obama,barack obama
1227,memes_6611.png,barack obama,barack obama
1231,memes_4740.png,barack obama,barack obama
1232,memes_2747.png,barack obama,barack obama
1242,memes_1105.png,barack obama,barack obama
1247,memes_2648.png,barack obama,barack obama
1258,memes_207.png,barack obama,barack obama
1271,memes_4749.png,barack obama,barack obama
1332,memes_2609.png,barack obama,barack obama
1333,memes_904.png,barack obama,barack obama
1336,memes_196.png,barack obama,barack obama
1343,memes_885.png,barack obama,barack obama
1358,memes_2692.png,barack obama,barack obama
1385,memes_1113.png,barack obama,barack obama
1387,memes_874.png,barack obama,barack obama
1407,memes_912.png,barack obama,barack obama
1413,memes_1054.png,barack obama,barack obama
1416,memes_4472.png,barack obama,barack obama
1447,memes_1029.png,barack obama,barack obama
1476,memes_2878.png,barack obama,barack obama
1572,memes_2861.png,barack obama,barack obama
1606,memes_3864.png,barack obama,barack obama
1609,memes_1038.png,barack obama,barack obama
1618,memes_831.png,barack obama,barack obama
1629,memes_1044.png,barack obama,barack obama
1702,memes_198.png,barack obama,barack obama
1745,memes_896.png,barack obama,barack obama
1748,memes_6361.png,barack obama,barack obama
1752,memes_2718.png,barack obama,barack obama
1758,memes_6525.png,barack obama,barack obama
1778,memes_2872.png,barack obama,barack obama
1795,memes_1079.png,barack obama,barack obama
1808,memes_5982.png,barack obama,barack obama
1831,memes_1534.png,barack obama,barack obama
1837,memes_977.png,barack obama,barack obama
1838,memes_2667.png,barack obama,barack obama
1840,memes_812.png,barack obama,barack obama
1888,memes_3767.png,barack obama,barack obama
1903,memes_6841.png,barack obama,barack obama
1934,memes_887.png,barack obama,barack obama
1938,memes_854.png,barack obama,barack obama
1949,memes_1016.png,barack obama,barack obama
1959,memes_6552.png,barack obama,barack obama
2028,memes_4367.png,barack obama,barack obama
2037,memes_75.png,barack obama,barack obama
2044,memes_2846.png,barack obama,barack obama
2056,memes_1060.png,barack obama,barack obama
2086,memes_8220.png,barack obama,barack obama
2117,memes_820.png,barack obama,barack obama
2124,memes_1056.png,barack obama,barack obama
2125,memes_4742.png,barack obama,barack obama
2134,memes_5921.png,barack obama,barack obama
2161,memes_2682.png,barack obama,barack obama
2162,memes_1633.png,barack obama,barack obama
2170,memes_6526.png,barack obama,barack obama
2180,memes_2834.png,barack obama,barack obama
2216,memes_6541.png,barack obama,barack obama
2318,memes_17.png,barack obama,barack obama
2325,memes_2759.png,barack obama,barack obama
2343,memes_1018.png,barack obama,barack obama
2345,memes_989.png,barack obama,barack obama
2357,memes_985.png,barack obama,barack obama
2358,memes_838.png,barack obama,barack obama
2379,memes_823.png,barack obama,barack obama
2383,memes_1186.png,barack obama,barack obama
2386,memes_1170.png,barack obama,barack obama
2392,memes_1027.png,barack obama,barack obama
2406,memes_6899.png,barack obama,barack obama
2481,memes_2723.png,barack obama,barack obama
2534,memes_1270.png,barack obama,barack obama
2540,memes_1082.png,barack obama,barack obama
2544,memes_1035.png,barack obama,barack obama
2579,memes_2717.png,barack obama,barack obama
2581,memes_847.png,barack obama,barack obama
2588,memes_1012.png,barack obama,barack obama
2614,memes_6497.png,barack obama,barack obama
2619,memes_1023.png,barack obama,barack obama memes
2623,memes_1032.png,barack obama,barack obama
2632,memes_2729.png,barack obama,barack obama
2660,memes_4944.png,barack obama,barack obama
2680,memes_975.png,barack obama,barack obama
2690,memes_2697.png,barack obama,barack obama
2699,memes_2742.png,barack obama,barack obama
2716,memes_1344.png,barack obama,barack obama
2719,memes_2613.png,barack obama,barack obama
2725,memes_1123.png,barack obama,barack obama
2782,memes_910.png,barack obama,barack obama
2798,memes_6562.png,barack obama,barack obama
2812,memes_990.png,barack obama,barack obama
2816,memes_3804.png,barack obama,barack obama
2819,memes_983.png,barack obama,barack obama
2824,memes_2174.png,barack obama,barack obama
3203,covid_memes_277.png,barack obama,barack obama
3227,covid_memes_346.png,barack obama,barack obama
3359,covid_memes_611.png,barack obama,barack obama
3363,covid_memes_758.png,barack obama,barack obama
3403,covid_memes_786.png,barack obama,barack obama
3732,covid_memes_1567.png,barack obama,barack obama
3804,covid_memes_3087.png,barack obama,barack obama
4196,covid_memes_2325.png,barack obama,barack obama
4219,covid_memes_2492.png,barack obama,barack obama
2976,covid_memes_177.png,xi jinping,xi jinping
3287,covid_memes_426.png,xi jinping,xi jinping
3592,covid_memes_1534.png,xi jinping,xi jinping
3823,covid_memes_3094.png,xi jinping,xi jinping
4473,covid_memes_2999.png,xi jinping,xi jinping
4785,covid_memes_4266.png,xi jinping,xi jinping
3568,covid_memes_1478.png,narendra modi,narendra modi
4867,covid_memes_5219.png,narendra modi,narendra modi
4883,covid_memes_3527.png,narendra modi,narendra modi
5165,covid_memes_4256.png,narendra modi,narendra modi
1009,memes_4378.png,vladimir putin,vladimir putin
2213,memes_5166.png,vladimir putin,vladimir putin
2940,covid_memes_136.png,vladimir putin,vladimir putin
2959,covid_memes_141.png,vladimir putin,vladimir putin
3686,covid_memes_2445.png,vladimir putin,vladimir putin
3810,covid_memes_2094.png,vladimir putin,vladimir putin
2089,memes_6140.png,kamala harris,kamala harris
2374,memes_1161.png,kamala harris,kamala harris
2707,memes_6738.png,kamala harris,kamala harris
4153,covid_memes_2098.png,kamala harris,kamala harris
490,memes_236.png,hillary clinton,hiliary clinton
764,memes_5685.png,hillary clinton,hiliary clinton
1041,memes_2217.png,hillary clinton,hiliary clinton
1750,memes_4436.png,hillary clinton,hillary clinton
1757,memes_4403.png,hillary clinton,hiliary clinton
2528,memes_1457.png,hillary clinton,hiliary clinton
2612,memes_4872.png,hillary clinton,hiliary clinton
2747,memes_5681.png,hillary clinton,bill clinton
2771,memes_4971.png,hillary clinton,hiliary clinton
2775,memes_1955.png,hillary clinton,hiliary clinton
4217,covid_memes_2490.png,hillary clinton,hillary clinton
267,memes_1166.png,john f. kennedy,john f. kennedy
681,memes_32.png,john f. kennedy,john f. kennedy
820,memes_5148.png,john f. kennedy,john f. kennedy
2491,memes_1441.png,john f. kennedy,john f. kennedy
4255,covid_memes_2521.png,john f. kennedy,john f. kennedy
120,memes_2694.png,kim jong un,kim jong un
193,memes_99.png,kim jong un,kim jong un
2903,covid_memes_731.png,kim jong un,kim jong un
280,memes_8179.png,ted cruz,ted cruz
900,memes_5057.png,ted cruz,ted cruz
1124,memes_4776.png,ted cruz,ted cruz
1828,memes_4548.png,ted cruz,ted cruz
1944,memes_4643.png,ted cruz,ted cruz
2011,memes_5114.png,ted cruz,ted cruz
2237,memes_4692.png,ted cruz,ted cruz
2421,memes_5129.png,ted cruz,ted cruz
2437,memes_4761.png,ted cruz,ted cruz
2783,memes_5080.png,ted cruz,ted cruz
660,memes_1735.png,bernie sanders,bernie sanders
700,memes_6335.png,bernie sanders,bernie sanders
893,memes_1297.png,bernie sanders,bernie sanders
1594,memes_1498.png,bernie sanders,bernie sanders
1983,memes_1675.png,bernie sanders,bernie sanders
2296,memes_5136.png,bernie sanders,bernie sanders
2408,memes_5810.png,bernie sanders,bernie sanders
2811,memes_5133.png,bernie sanders,bernie sanders
2837,memes_4707.png,bernie sanders,bernie sanders
3003,covid_memes_511.png,bernie sanders,bernie sanders
3032,covid_memes_534.png,bernie sanders,berine sanders
662,memes_4848.png,mitch mcconnell,mitch mcconnell
697,memes_131.png,mitch mcconnell,mitch mcconnell
1027,memes_4870.png,mitch mcconnell,mitch mcconnell
1323,memes_1493.png,mitch mcconnell,mitch mcconnell
1375,memes_5065.png,mitch mcconnell,mitch mcconnell
2405,memes_4647.png,mitch mcconnell,mitch mcconnell
2440,memes_4866.png,mitch mcconnell,mitch mcconnell
168,memes_1769.png,jill stein,jill stein
582,memes_1915.png,jill stein,jill stein
695,memes_1768.png,jill stein,jill stein
744,memes_238.png,jill stein,jill stein
838,memes_1765.png,jill stein,jill stein
2543,memes_1929.png,jill stein,jill stein
370,memes_4324.png,mike pence,mike pence
833,memes_4886.png,mike pence,mike pence
1848,memes_4380.png,mike pence,mike pence
1890,memes_6671.png,mike pence,mike pence
2448,memes_4248.png,mike pence,mike pence
2652,memes_4252.png,mike pence,mike pence
359,memes_2087.png,people,people
860,memes_4789.png,people,people
1146,memes_6054.png,people,black people
1198,memes_1471.png,people,people
1344,memes_5892.png,people,the people
1417,memes_2664.png,people,black people
1430,memes_1940.png,people,people
1582,memes_3359.png,people,people
1621,memes_4948.png,people,poor people
2201,memes_3459.png,people,people
2859,covid_memes_259.png,people,people
2864,covid_memes_276.png,people,people
2908,covid_memes_349.png,people,spanish people
2919,covid_memes_833.png,people,people
3027,covid_memes_102.png,people,chinese people
3137,covid_memes_790.png,people,people
3223,covid_memes_343.png,people,people
3291,covid_memes_413.png,people,people
3461,covid_memes_1094.png,people,people
3578,covid_memes_2097.png,people,people
3609,covid_memes_1428.png,people,covid infected people
3633,covid_memes_1626.png,people,people
3645,covid_memes_1468.png,people,people
3648,covid_memes_1643.png,people,people
3748,covid_memes_1999.png,people,people
3860,covid_memes_2159.png,people,people
3994,covid_memes_1874.png,people,people
4669,covid_memes_3585.png,people,people of spain
4702,covid_memes_3719.png,people,people
4907,covid_memes_3618.png,people,people
4958,covid_memes_3733.png,people,people
5058,covid_memes_3987.png,people,people
5222,covid_memes_4371.png,people,people
5239,covid_memes_4403.png,people,people
5338,covid_memes_4611.png,people,navy people
249,memes_3714.png,gary johnson,garry johnson
398,memes_3490.png,gary johnson,gary johnson
1077,memes_3365.png,gary johnson,gary johnson
1647,memes_3830.png,gary johnson,gary johnson
2488,memes_3666.png,gary johnson,gary johnson
2672,memes_3735.png,gary johnson,gary johnson
376,memes_834.png,bill clinton,bill clinton
391,memes_1670.png,bill clinton,bill clinton
507,memes_1085.png,bill clinton,bill clinton
911,memes_4392.png,bill clinton,bill clinton
2747,memes_5681.png,bill clinton,bill clinton
887,memes_5974.png,george bush,george bush
2177,memes_350.png,george bush,george walker bush
2407,memes_4820.png,george bush,george bush
2838,memes_4950.png,george bush,george bush
844,memes_4607.png,adolf hitler,adolf hitler
1239,memes_1823.png,adolf hitler,adolf hitler
2041,memes_3418.png,adolf hitler,adolf hitler
319,memes_3389.png,dog,dog
914,memes_4283.png,dog,dog
951,memes_1911.png,dog,dog
3536,covid_memes_1343.png,dog,dog
3755,covid_memes_1594.png,dog,dog
3825,covid_memes_1681.png,dog,dog
3856,covid_memes_1728.png,dog,dogs
3884,covid_memes_1772.png,dog,dogs
3990,covid_memes_1859.png,dog,dogs
4299,covid_memes_2646.png,dog,dog
4304,covid_memes_2651.png,dog,dog
4364,covid_memes_2712.png,dog,dog
4508,covid_memes_2833.png,dog,dog
4612,covid_memes_2945.png,dog,dog
5019,covid_memes_3866.png,dog,dog
1244,memes_4746.png,ku klux klan (kkk),ku klux klan (kkk)
1524,memes_1445.png,ku klux klan (kkk),ku klux klan (kkk)
1766,memes_4861.png,ku klux klan (kkk),ku klux klan (kkk)
2089,memes_6140.png,kamala harris,kamala harris
2374,memes_1161.png,kamala harris,kamala harris
2707,memes_6738.png,kamala harris,kamala harris
4153,covid_memes_2098.png,kamala harris,kamala harris
432,memes_1806.png,robert downey jr.,robert downey jr.
624,memes_4491.png,robert downey jr.,robert downey jr.
2097,memes_5955.png,robert downey jr.,robert downey jr.
48,memes_1594.png,abraham lincoln,abraham lincoln
272,memes_4984.png,abraham lincoln,abraham lincoln
1047,memes_5139.png,abraham lincoln,abrahm lincoln
1182,memes_4885.png,abraham lincoln,abraham lincoln
280,memes_8179.png,ted cruz,ted cruz
900,memes_5057.png,ted cruz,ted cruz
1124,memes_4776.png,ted cruz,ted cruz
1828,memes_4548.png,ted cruz,ted cruz
1944,memes_4643.png,ted cruz,ted cruz
2011,memes_5114.png,ted cruz,ted cruz
2237,memes_4692.png,ted cruz,ted cruz
2421,memes_5129.png,ted cruz,ted cruz
2437,memes_4761.png,ted cruz,ted cruz
2783,memes_5080.png,ted cruz,ted cruz
280,memes_8179.png,ted cruz,ted cruz
900,memes_5057.png,ted cruz,ted cruz
1124,memes_4776.png,ted cruz,ted cruz
1828,memes_4548.png,ted cruz,ted cruz
1944,memes_4643.png,ted cruz,ted cruz
2011,memes_5114.png,ted cruz,ted cruz
2237,memes_4692.png,ted cruz,ted cruz
2421,memes_5129.png,ted cruz,ted cruz
2437,memes_4761.png,ted cruz,ted cruz
2783,memes_5080.png,ted cruz,ted cruz
280,memes_8179.png,ted cruz,ted cruz
900,memes_5057.png,ted cruz,ted cruz
1124,memes_4776.png,ted cruz,ted cruz
1828,memes_4548.png,ted cruz,ted cruz
1944,memes_4643.png,ted cruz,ted cruz
2011,memes_5114.png,ted cruz,ted cruz
2237,memes_4692.png,ted cruz,ted cruz
2421,memes_5129.png,ted cruz,ted cruz
2437,memes_4761.png,ted cruz,ted cruz
2783,memes_5080.png,ted cruz,ted cruz
280,memes_8179.png,ted cruz,ted cruz
900,memes_5057.png,ted cruz,ted cruz
1124,memes_4776.png,ted cruz,ted cruz
1828,memes_4548.png,ted cruz,ted cruz
1944,memes_4643.png,ted cruz,ted cruz
2011,memes_5114.png,ted cruz,ted cruz
2237,memes_4692.png,ted cruz,ted cruz
2421,memes_5129.png,ted cruz,ted cruz
2437,memes_4761.png,ted cruz,ted cruz
2783,memes_5080.png,ted cruz,ted cruz
2089,memes_6140.png,kamala harris,kamala harris
2374,memes_1161.png,kamala harris,kamala harris
2707,memes_6738.png,kamala harris,kamala harris
4153,covid_memes_2098.png,kamala harris,kamala harris
2089,memes_6140.png,kamala harris,kamala harris
2374,memes_1161.png,kamala harris,kamala harris
2707,memes_6738.png,kamala harris,kamala harris
4153,covid_memes_2098.png,kamala harris,kamala harris
2089,memes_6140.png,kamala harris,kamala harris
2374,memes_1161.png,kamala harris,kamala harris
2707,memes_6738.png,kamala harris,kamala harris
4153,covid_memes_2098.png,kamala harris,kamala harris
2089,memes_6140.png,kamala harris,kamala harris
2374,memes_1161.png,kamala harris,kamala harris
2707,memes_6738.png,kamala harris,kamala harris
4153,covid_memes_2098.png,kamala harris,kamala harris
2089,memes_6140.png,kamala harris,kamala harris
2374,memes_1161.png,kamala harris,kamala harris
2707,memes_6738.png,kamala harris,kamala harris
4153,covid_memes_2098.png,kamala harris,kamala harris
2089,memes_6140.png,kamala harris,kamala harris
2374,memes_1161.png,kamala harris,kamala harris
2707,memes_6738.png,kamala harris,kamala harris
4153,covid_memes_2098.png,kamala harris,kamala harris
2089,memes_6140.png,kamala harris,kamala harris
2374,memes_1161.png,kamala harris,kamala harris
2707,memes_6738.png,kamala harris,kamala harris
4153,covid_memes_2098.png,kamala harris,kamala harris
2089,memes_6140.png,kamala harris,kamala harris
2374,memes_1161.png,kamala harris,kamala harris
2707,memes_6738.png,kamala harris,kamala harris
4153,covid_memes_2098.png,kamala harris,kamala harris
662,memes_4848.png,mitch mcconnell,mitch mcconnell
697,memes_131.png,mitch mcconnell,mitch mcconnell
1027,memes_4870.png,mitch mcconnell,mitch mcconnell
1323,memes_1493.png,mitch mcconnell,mitch mcconnell
1375,memes_5065.png,mitch mcconnell,mitch mcconnell
2405,memes_4647.png,mitch mcconnell,mitch mcconnell
2440,memes_4866.png,mitch mcconnell,mitch mcconnell
662,memes_4848.png,mitch mcconnell,mitch mcconnell
697,memes_131.png,mitch mcconnell,mitch mcconnell
1027,memes_4870.png,mitch mcconnell,mitch mcconnell
1323,memes_1493.png,mitch mcconnell,mitch mcconnell
1375,memes_5065.png,mitch mcconnell,mitch mcconnell
2405,memes_4647.png,mitch mcconnell,mitch mcconnell
2440,memes_4866.png,mitch mcconnell,mitch mcconnell
662,memes_4848.png,mitch mcconnell,mitch mcconnell
697,memes_131.png,mitch mcconnell,mitch mcconnell
1027,memes_4870.png,mitch mcconnell,mitch mcconnell
1323,memes_1493.png,mitch mcconnell,mitch mcconnell
1375,memes_5065.png,mitch mcconnell,mitch mcconnell
2405,memes_4647.png,mitch mcconnell,mitch mcconnell
2440,memes_4866.png,mitch mcconnell,mitch mcconnell
662,memes_4848.png,mitch mcconnell,mitch mcconnell
697,memes_131.png,mitch mcconnell,mitch mcconnell
1027,memes_4870.png,mitch mcconnell,mitch mcconnell
1323,memes_1493.png,mitch mcconnell,mitch mcconnell
1375,memes_5065.png,mitch mcconnell,mitch mcconnell
2405,memes_4647.png,mitch mcconnell,mitch mcconnell
2440,memes_4866.png,mitch mcconnell,mitch mcconnell
2976,covid_memes_177.png,xi jinping,xi jinping
3287,covid_memes_426.png,xi jinping,xi jinping
3592,covid_memes_1534.png,xi jinping,xi jinping
3823,covid_memes_3094.png,xi jinping,xi jinping
4473,covid_memes_2999.png,xi jinping,xi jinping
4785,covid_memes_4266.png,xi jinping,xi jinping
2976,covid_memes_177.png,xi jinping,xi jinping
3287,covid_memes_426.png,xi jinping,xi jinping
3592,covid_memes_1534.png,xi jinping,xi jinping
3823,covid_memes_3094.png,xi jinping,xi jinping
4473,covid_memes_2999.png,xi jinping,xi jinping
4785,covid_memes_4266.png,xi jinping,xi jinping
2976,covid_memes_177.png,xi jinping,xi jinping
3287,covid_memes_426.png,xi jinping,xi jinping
3592,covid_memes_1534.png,xi jinping,xi jinping
3823,covid_memes_3094.png,xi jinping,xi jinping
4473,covid_memes_2999.png,xi jinping,xi jinping
4785,covid_memes_4266.png,xi jinping,xi jinping
2976,covid_memes_177.png,xi jinping,xi jinping
3287,covid_memes_426.png,xi jinping,xi jinping
3592,covid_memes_1534.png,xi jinping,xi jinping
3823,covid_memes_3094.png,xi jinping,xi jinping
4473,covid_memes_2999.png,xi jinping,xi jinping
4785,covid_memes_4266.png,xi jinping,xi jinping
370,memes_4324.png,mike pence,mike pence
833,memes_4886.png,mike pence,mike pence
1848,memes_4380.png,mike pence,mike pence
1890,memes_6671.png,mike pence,mike pence
2448,memes_4248.png,mike pence,mike pence
2652,memes_4252.png,mike pence,mike pence
370,memes_4324.png,mike pence,mike pence
833,memes_4886.png,mike pence,mike pence
1848,memes_4380.png,mike pence,mike pence
1890,memes_6671.png,mike pence,mike pence
2448,memes_4248.png,mike pence,mike pence
2652,memes_4252.png,mike pence,mike pence
370,memes_4324.png,mike pence,mike pence
833,memes_4886.png,mike pence,mike pence
1848,memes_4380.png,mike pence,mike pence
1890,memes_6671.png,mike pence,mike pence
2448,memes_4248.png,mike pence,mike pence
2652,memes_4252.png,mike pence,mike pence
370,memes_4324.png,mike pence,mike pence
833,memes_4886.png,mike pence,mike pence
1848,memes_4380.png,mike pence,mike pence
1890,memes_6671.png,mike pence,mike pence
2448,memes_4248.png,mike pence,mike pence
2652,memes_4252.png,mike pence,mike pence
1009,memes_4378.png,vladimir putin,vladimir putin
2213,memes_5166.png,vladimir putin,vladimir putin
2940,covid_memes_136.png,vladimir putin,vladimir putin
2959,covid_memes_141.png,vladimir putin,vladimir putin
3686,covid_memes_2445.png,vladimir putin,vladimir putin
3810,covid_memes_2094.png,vladimir putin,vladimir putin
1009,memes_4378.png,vladimir putin,vladimir putin
2213,memes_5166.png,vladimir putin,vladimir putin
2940,covid_memes_136.png,vladimir putin,vladimir putin
2959,covid_memes_141.png,vladimir putin,vladimir putin
3686,covid_memes_2445.png,vladimir putin,vladimir putin
3810,covid_memes_2094.png,vladimir putin,vladimir putin
1009,memes_4378.png,vladimir putin,vladimir putin
2213,memes_5166.png,vladimir putin,vladimir putin
2940,covid_memes_136.png,vladimir putin,vladimir putin
2959,covid_memes_141.png,vladimir putin,vladimir putin
3686,covid_memes_2445.png,vladimir putin,vladimir putin
3810,covid_memes_2094.png,vladimir putin,vladimir putin
1009,memes_4378.png,vladimir putin,vladimir putin
2213,memes_5166.png,vladimir putin,vladimir putin
2940,covid_memes_136.png,vladimir putin,vladimir putin
2959,covid_memes_141.png,vladimir putin,vladimir putin
3686,covid_memes_2445.png,vladimir putin,vladimir putin
3810,covid_memes_2094.png,vladimir putin,vladimir putin
249,memes_3714.png,gary johnson,garry johnson
398,memes_3490.png,gary johnson,gary johnson
1077,memes_3365.png,gary johnson,gary johnson
1647,memes_3830.png,gary johnson,gary johnson
2488,memes_3666.png,gary johnson,gary johnson
2672,memes_3735.png,gary johnson,gary johnson
249,memes_3714.png,gary johnson,garry johnson
398,memes_3490.png,gary johnson,gary johnson
1077,memes_3365.png,gary johnson,gary johnson
1647,memes_3830.png,gary johnson,gary johnson
2488,memes_3666.png,gary johnson,gary johnson
2672,memes_3735.png,gary johnson,gary johnson
249,memes_3714.png,gary johnson,garry johnson
398,memes_3490.png,gary johnson,gary johnson
1077,memes_3365.png,gary johnson,gary johnson
1647,memes_3830.png,gary johnson,gary johnson
2488,memes_3666.png,gary johnson,gary johnson
2672,memes_3735.png,gary johnson,gary johnson
249,memes_3714.png,gary johnson,garry johnson
398,memes_3490.png,gary johnson,gary johnson
1077,memes_3365.png,gary johnson,gary johnson
1647,memes_3830.png,gary johnson,gary johnson
2488,memes_3666.png,gary johnson,gary johnson
2672,memes_3735.png,gary johnson,gary johnson
168,memes_1769.png,jill stein,jill stein
582,memes_1915.png,jill stein,jill stein
695,memes_1768.png,jill stein,jill stein
744,memes_238.png,jill stein,jill stein
838,memes_1765.png,jill stein,jill stein
2543,memes_1929.png,jill stein,jill stein
168,memes_1769.png,jill stein,jill stein
582,memes_1915.png,jill stein,jill stein
695,memes_1768.png,jill stein,jill stein
744,memes_238.png,jill stein,jill stein
838,memes_1765.png,jill stein,jill stein
2543,memes_1929.png,jill stein,jill stein
168,memes_1769.png,jill stein,jill stein
582,memes_1915.png,jill stein,jill stein
695,memes_1768.png,jill stein,jill stein
744,memes_238.png,jill stein,jill stein
838,memes_1765.png,jill stein,jill stein
2543,memes_1929.png,jill stein,jill stein
168,memes_1769.png,jill stein,jill stein
582,memes_1915.png,jill stein,jill stein
695,memes_1768.png,jill stein,jill stein
744,memes_238.png,jill stein,jill stein
838,memes_1765.png,jill stein,jill stein
2543,memes_1929.png,jill stein,jill stein
267,memes_1166.png,john f. kennedy,john f. kennedy
681,memes_32.png,john f. kennedy,john f. kennedy
820,memes_5148.png,john f. kennedy,john f. kennedy
2491,memes_1441.png,john f. kennedy,john f. kennedy
4255,covid_memes_2521.png,john f. kennedy,john f. kennedy
267,memes_1166.png,john f. kennedy,john f. kennedy
681,memes_32.png,john f. kennedy,john f. kennedy
820,memes_5148.png,john f. kennedy,john f. kennedy
2491,memes_1441.png,john f. kennedy,john f. kennedy
4255,covid_memes_2521.png,john f. kennedy,john f. kennedy
267,memes_1166.png,john f. kennedy,john f. kennedy
681,memes_32.png,john f. kennedy,john f. kennedy
820,memes_5148.png,john f. kennedy,john f. kennedy
2491,memes_1441.png,john f. kennedy,john f. kennedy
4255,covid_memes_2521.png,john f. kennedy,john f. kennedy
267,memes_1166.png,john f. kennedy,john f. kennedy
681,memes_32.png,john f. kennedy,john f. kennedy
820,memes_5148.png,john f. kennedy,john f. kennedy
2491,memes_1441.png,john f. kennedy,john f. kennedy
4255,covid_memes_2521.png,john f. kennedy,john f. kennedy
376,memes_834.png,bill clinton,bill clinton
391,memes_1670.png,bill clinton,bill clinton
507,memes_1085.png,bill clinton,bill clinton
911,memes_4392.png,bill clinton,bill clinton
2747,memes_5681.png,bill clinton,bill clinton
376,memes_834.png,bill clinton,bill clinton
391,memes_1670.png,bill clinton,bill clinton
507,memes_1085.png,bill clinton,bill clinton
911,memes_4392.png,bill clinton,bill clinton
2747,memes_5681.png,bill clinton,bill clinton
376,memes_834.png,bill clinton,bill clinton
391,memes_1670.png,bill clinton,bill clinton
507,memes_1085.png,bill clinton,bill clinton
911,memes_4392.png,bill clinton,bill clinton
2747,memes_5681.png,bill clinton,bill clinton
376,memes_834.png,bill clinton,bill clinton
391,memes_1670.png,bill clinton,bill clinton
507,memes_1085.png,bill clinton,bill clinton
911,memes_4392.png,bill clinton,bill clinton
2747,memes_5681.png,bill clinton,bill clinton
3568,covid_memes_1478.png,narendra modi,narendra modi
4867,covid_memes_5219.png,narendra modi,narendra modi
4883,covid_memes_3527.png,narendra modi,narendra modi
5165,covid_memes_4256.png,narendra modi,narendra modi
3568,covid_memes_1478.png,narendra modi,narendra modi
4867,covid_memes_5219.png,narendra modi,narendra modi
4883,covid_memes_3527.png,narendra modi,narendra modi
5165,covid_memes_4256.png,narendra modi,narendra modi
3568,covid_memes_1478.png,narendra modi,narendra modi
4867,covid_memes_5219.png,narendra modi,narendra modi
4883,covid_memes_3527.png,narendra modi,narendra modi
5165,covid_memes_4256.png,narendra modi,narendra modi
3568,covid_memes_1478.png,narendra modi,narendra modi
4867,covid_memes_5219.png,narendra modi,narendra modi
4883,covid_memes_3527.png,narendra modi,narendra modi
5165,covid_memes_4256.png,narendra modi,narendra modi
887,memes_5974.png,george bush,george bush
2177,memes_350.png,george bush,george walker bush
2407,memes_4820.png,george bush,george bush
2838,memes_4950.png,george bush,george bush
887,memes_5974.png,george bush,george bush
2177,memes_350.png,george bush,george walker bush
2407,memes_4820.png,george bush,george bush
2838,memes_4950.png,george bush,george bush
887,memes_5974.png,george bush,george bush
2177,memes_350.png,george bush,george walker bush
2407,memes_4820.png,george bush,george bush
2838,memes_4950.png,george bush,george bush
887,memes_5974.png,george bush,george bush
2177,memes_350.png,george bush,george walker bush
2407,memes_4820.png,george bush,george bush
2838,memes_4950.png,george bush,george bush
48,memes_1594.png,abraham lincoln,abraham lincoln
272,memes_4984.png,abraham lincoln,abraham lincoln
1047,memes_5139.png,abraham lincoln,abrahm lincoln
1182,memes_4885.png,abraham lincoln,abraham lincoln
48,memes_1594.png,abraham lincoln,abraham lincoln
272,memes_4984.png,abraham lincoln,abraham lincoln
1047,memes_5139.png,abraham lincoln,abrahm lincoln
1182,memes_4885.png,abraham lincoln,abraham lincoln
48,memes_1594.png,abraham lincoln,abraham lincoln
272,memes_4984.png,abraham lincoln,abraham lincoln
1047,memes_5139.png,abraham lincoln,abrahm lincoln
1182,memes_4885.png,abraham lincoln,abraham lincoln
48,memes_1594.png,abraham lincoln,abraham lincoln
272,memes_4984.png,abraham lincoln,abraham lincoln
1047,memes_5139.png,abraham lincoln,abrahm lincoln
1182,memes_4885.png,abraham lincoln,abraham lincoln
1244,memes_4746.png,ku klux klan (kkk),ku klux klan (kkk)
1524,memes_1445.png,ku klux klan (kkk),ku klux klan (kkk)
1766,memes_4861.png,ku klux klan (kkk),ku klux klan (kkk)
1244,memes_4746.png,ku klux klan (kkk),ku klux klan (kkk)
1524,memes_1445.png,ku klux klan (kkk),ku klux klan (kkk)
1766,memes_4861.png,ku klux klan (kkk),ku klux klan (kkk)
1244,memes_4746.png,ku klux klan (kkk),ku klux klan (kkk)
1524,memes_1445.png,ku klux klan (kkk),ku klux klan (kkk)
1766,memes_4861.png,ku klux klan (kkk),ku klux klan (kkk)
1244,memes_4746.png,ku klux klan (kkk),ku klux klan (kkk)
1524,memes_1445.png,ku klux klan (kkk),ku klux klan (kkk)
1766,memes_4861.png,ku klux klan (kkk),ku klux klan (kkk)
120,memes_2694.png,kim jong un,kim jong un
193,memes_99.png,kim jong un,kim jong un
2903,covid_memes_731.png,kim jong un,kim jong un
120,memes_2694.png,kim jong un,kim jong un
193,memes_99.png,kim jong un,kim jong un
2903,covid_memes_731.png,kim jong un,kim jong un
120,memes_2694.png,kim jong un,kim jong un
193,memes_99.png,kim jong un,kim jong un
2903,covid_memes_731.png,kim jong un,kim jong un
120,memes_2694.png,kim jong un,kim jong un
193,memes_99.png,kim jong un,kim jong un
2903,covid_memes_731.png,kim jong un,kim jong un
844,memes_4607.png,adolf hitler,adolf hitler
1239,memes_1823.png,adolf hitler,adolf hitler
2041,memes_3418.png,adolf hitler,adolf hitler
844,memes_4607.png,adolf hitler,adolf hitler
1239,memes_1823.png,adolf hitler,adolf hitler
2041,memes_3418.png,adolf hitler,adolf hitler
844,memes_4607.png,adolf hitler,adolf hitler
1239,memes_1823.png,adolf hitler,adolf hitler
2041,memes_3418.png,adolf hitler,adolf hitler
844,memes_4607.png,adolf hitler,adolf hitler
1239,memes_1823.png,adolf hitler,adolf hitler
2041,memes_3418.png,adolf hitler,adolf hitler
432,memes_1806.png,robert downey jr.,robert downey jr.
624,memes_4491.png,robert downey jr.,robert downey jr.
2097,memes_5955.png,robert downey jr.,robert downey jr.
432,memes_1806.png,robert downey jr.,robert downey jr.
624,memes_4491.png,robert downey jr.,robert downey jr.
2097,memes_5955.png,robert downey jr.,robert downey jr.
432,memes_1806.png,robert downey jr.,robert downey jr.
624,memes_4491.png,robert downey jr.,robert downey jr.
2097,memes_5955.png,robert downey jr.,robert downey jr.
432,memes_1806.png,robert downey jr.,robert downey jr.
624,memes_4491.png,robert downey jr.,robert downey jr.
2097,memes_5955.png,robert downey jr.,robert downey jr.
